STATION,NAME,DATE,EMXT,PRCP,TAVG,TMAX
USW00013873,"ATHENS BEN EPPS AIRPORT, GA US",1945-01,62,2.38,42.8,53.2
USW00013873,"ATHENS BEN EPPS AIRPORT, GA US",1945-02,75,2.24,48,57.3
USW00013873,"ATHENS BEN EPPS AIRPORT, GA US",1945-03,85,2.78,60.7,71.7
USW00013873,"ATHENS BEN EPPS AIRPORT, GA US",1945-04,87,8.3,63.7,74.9
USW00013873,"ATHENS BEN EPPS AIRPORT, GA US",1945-05,95,4.75,66.5,78
USW00013873,"ATHENS BEN EPPS AIRPORT, GA US",1945-06,101,0.95,78.4,90.6
USW00013873,"ATHENS BEN EPPS AIRPORT, GA US",1945-07,96,5.7,78.8,88.3
USW00013873,"ATHENS BEN EPPS AIRPORT, GA US",1945-08,94,4.36,77.4,87.1
USW00013873,"ATHENS BEN EPPS AIRPORT, GA US",1945-09,96,6.49,75.4,84.8
USW00013873,"ATHENS BEN EPPS AIRPORT, GA US",1945-10,84,1.86,61.3,73.4
USW00013873,"ATHENS BEN EPPS AIRPORT, GA US",1945-11,80,2.77,53.2,63.9
USW00013873,"ATHENS BEN EPPS AIRPORT, GA US",1945-12,63,8.46,38.1,46.2
USW00013873,"ATHENS BEN EPPS AIRPORT, GA US",1946-01,72,3.67,44.2,53
USW00013873,"ATHENS BEN EPPS AIRPORT, GA US",1946-02,71,4.9,47.5,59.4
USW00013873,"ATHENS BEN EPPS AIRPORT, GA US",1946-03,80,5.01,59.1,69.7
USW00013873,"ATHENS BEN EPPS AIRPORT, GA US",1946-04,86,5.16,63.1,74.8
USW00013873,"ATHENS BEN EPPS AIRPORT, GA US",1946-05,87,4.37,69.6,79.3
USW00013873,"ATHENS BEN EPPS AIRPORT, GA US",1946-06,93,4.05,75.7,86.1
USW00013873,"ATHENS BEN EPPS AIRPORT, GA US",1946-07,96,2.55,78,87.1
USW00013873,"ATHENS BEN EPPS AIRPORT, GA US",1946-08,97,2.98,77.5,87.6
USW00013873,"ATHENS BEN EPPS AIRPORT, GA US",1946-09,89,3.27,71.5,80.6
USW00013873,"ATHENS BEN EPPS AIRPORT, GA US",1946-10,81,5.03,62.7,73.6
USW00013873,"ATHENS BEN EPPS AIRPORT, GA US",1946-11,83,2.23,57.1,66.9
USW00013873,"ATHENS BEN EPPS AIRPORT, GA US",1946-12,73,1.05,48.2,60.1
USW00013873,"ATHENS BEN EPPS AIRPORT, GA US",1947-01,74,9.05,46.4,55.1
USW00013873,"ATHENS BEN EPPS AIRPORT, GA US",1947-02,72,2.1,39.1,50.9
USW00013873,"ATHENS BEN EPPS AIRPORT, GA US",1947-03,81,5.85,44.7,55.2
USW00013873,"ATHENS BEN EPPS AIRPORT, GA US",1947-04,85,4.32,63.5,74.7
USW00013873,"ATHENS BEN EPPS AIRPORT, GA US",1947-05,92,4.76,69.3,81.4
USW00013873,"ATHENS BEN EPPS AIRPORT, GA US",1947-06,97,6.21,75.5,86
USW00013873,"ATHENS BEN EPPS AIRPORT, GA US",1947-07,97,0.94,76.9,88.4
USW00013873,"ATHENS BEN EPPS AIRPORT, GA US",1947-08,95,3.85,79.3,89.4
USW00013873,"ATHENS BEN EPPS AIRPORT, GA US",1947-09,98,1.32,74.8,85.5
USW00013873,"ATHENS BEN EPPS AIRPORT, GA US",1947-10,86,4.86,65.7,74.3
USW00013873,"ATHENS BEN EPPS AIRPORT, GA US",1947-11,74,8.09,48.6,56.7
USW00013873,"ATHENS BEN EPPS AIRPORT, GA US",1947-12,69,4.46,44,54
USW00013873,"ATHENS BEN EPPS AIRPORT, GA US",1948-01,67,4.71,37.6,46.5
USW00013873,"ATHENS BEN EPPS AIRPORT, GA US",1948-02,77,7.04,47.2,56.7
USW00013873,"ATHENS BEN EPPS AIRPORT, GA US",1948-03,85,8.17,56,66.4
USW00013873,"ATHENS BEN EPPS AIRPORT, GA US",1948-04,89,2.51,65,77.1
USW00013873,"ATHENS BEN EPPS AIRPORT, GA US",1948-05,93,4.46,70.5,82.9
USW00013873,"ATHENS BEN EPPS AIRPORT, GA US",1948-06,97,4.61,77.6,90
USW00013873,"ATHENS BEN EPPS AIRPORT, GA US",1948-07,99,5.91,79.7,90
USW00013873,"ATHENS BEN EPPS AIRPORT, GA US",1948-08,98,5.16,76.7,87.4
USW00013873,"ATHENS BEN EPPS AIRPORT, GA US",1948-09,92,3.03,70.8,81.3
USW00013873,"ATHENS BEN EPPS AIRPORT, GA US",1948-10,82,1.37,59.4,72.6
USW00013873,"ATHENS BEN EPPS AIRPORT, GA US",1948-11,82,14.98,54.9,65.4
USW00013873,"ATHENS BEN EPPS AIRPORT, GA US",1948-12,75,4.42,47,56.2
USW00013873,"ATHENS BEN EPPS AIRPORT, GA US",1949-01,80,4.33,51.7,61.5
USW00013873,"ATHENS BEN EPPS AIRPORT, GA US",1949-02,77,7.14,50.1,61
USW00013873,"ATHENS BEN EPPS AIRPORT, GA US",1949-03,84,2.55,51,63.4
USW00013873,"ATHENS BEN EPPS AIRPORT, GA US",1949-04,84,6.8,57.7,68.9
USW00013873,"ATHENS BEN EPPS AIRPORT, GA US",1949-05,90,4.32,70.5,82.8
USW00013873,"ATHENS BEN EPPS AIRPORT, GA US",1949-06,95,3.32,75.4,85.5
USW00013873,"ATHENS BEN EPPS AIRPORT, GA US",1949-07,99,3.97,80.3,90.4
USW00013873,"ATHENS BEN EPPS AIRPORT, GA US",1949-08,94,4.48,77.3,87.3
USW00013873,"ATHENS BEN EPPS AIRPORT, GA US",1949-09,92,2.67,70.4,81
USW00013873,"ATHENS BEN EPPS AIRPORT, GA US",1949-10,85,2.84,66.6,76.5
USW00013873,"ATHENS BEN EPPS AIRPORT, GA US",1949-11,77,1.46,49.4,63.1
USW00013873,"ATHENS BEN EPPS AIRPORT, GA US",1949-12,69,3.02,44.4,54.3
USW00013873,"ATHENS BEN EPPS AIRPORT, GA US",1950-01,77,3.15,54,64
USW00013873,"ATHENS BEN EPPS AIRPORT, GA US",1950-02,76,2.61,49,60.4
USW00013873,"ATHENS BEN EPPS AIRPORT, GA US",1950-03,82,5.15,48.8,60.5
USW00013873,"ATHENS BEN EPPS AIRPORT, GA US",1950-04,89,0.69,58.7,71.5
USW00013873,"ATHENS BEN EPPS AIRPORT, GA US",1950-05,91,4.65,72.2,83.3
USW00013873,"ATHENS BEN EPPS AIRPORT, GA US",1950-06,100,4.12,77.5,87.9
USW00013873,"ATHENS BEN EPPS AIRPORT, GA US",1950-07,94,4.83,77.4,87.3
USW00013873,"ATHENS BEN EPPS AIRPORT, GA US",1950-08,93,1.84,77.1,87.3
USW00013873,"ATHENS BEN EPPS AIRPORT, GA US",1950-09,91,3.37,71.2,80.2
USW00013873,"ATHENS BEN EPPS AIRPORT, GA US",1950-10,85,6.02,65.9,76
USW00013873,"ATHENS BEN EPPS AIRPORT, GA US",1950-11,83,0.33,47.6,60
USW00013873,"ATHENS BEN EPPS AIRPORT, GA US",1950-12,72,4.65,40.6,49.8
USW00013873,"ATHENS BEN EPPS AIRPORT, GA US",1951-01,70,2.65,43.8,54.1
USW00013873,"ATHENS BEN EPPS AIRPORT, GA US",1951-02,76,2.16,46.4,58.5
USW00013873,"ATHENS BEN EPPS AIRPORT, GA US",1951-03,82,4.83,52.4,61.9
USW00013873,"ATHENS BEN EPPS AIRPORT, GA US",1951-04,86,3.3,59.5,71
USW00013873,"ATHENS BEN EPPS AIRPORT, GA US",1951-05,92,0.55,69,82.5
USW00013873,"ATHENS BEN EPPS AIRPORT, GA US",1951-06,99,7.86,76.8,87.7
USW00013873,"ATHENS BEN EPPS AIRPORT, GA US",1951-07,97,8.01,78.8,89.9
USW00013873,"ATHENS BEN EPPS AIRPORT, GA US",1951-08,97,0.09,80.7,92.8
USW00013873,"ATHENS BEN EPPS AIRPORT, GA US",1951-09,98,4.74,74.3,84.5
USW00013873,"ATHENS BEN EPPS AIRPORT, GA US",1951-10,93,1.37,64.6,75.6
USW00013873,"ATHENS BEN EPPS AIRPORT, GA US",1951-11,72,1.89,46.4,57.2
USW00013873,"ATHENS BEN EPPS AIRPORT, GA US",1951-12,72,6.42,46.4,56.2
USW00013873,"ATHENS BEN EPPS AIRPORT, GA US",1952-01,76,2.63,49.6,59.3
USW00013873,"ATHENS BEN EPPS AIRPORT, GA US",1952-02,75,3.56,47.7,57.5
USW00013873,"ATHENS BEN EPPS AIRPORT, GA US",1952-03,79,9.4,51.3,62.7
USW00013873,"ATHENS BEN EPPS AIRPORT, GA US",1952-04,85,2.32,60.4,72.1
USW00013873,"ATHENS BEN EPPS AIRPORT, GA US",1952-05,92,3.15,70.3,82.4
USW00013873,"ATHENS BEN EPPS AIRPORT, GA US",1952-06,101,4.1,81.5,93.7
USW00013873,"ATHENS BEN EPPS AIRPORT, GA US",1952-07,103,2.91,81.2,93.2
USW00013873,"ATHENS BEN EPPS AIRPORT, GA US",1952-08,96,6.43,77.7,87.6
USW00013873,"ATHENS BEN EPPS AIRPORT, GA US",1952-09,90,1.05,71.1,81.8
USW00013873,"ATHENS BEN EPPS AIRPORT, GA US",1952-10,89,0.66,58.6,72.4
USW00013873,"ATHENS BEN EPPS AIRPORT, GA US",1952-11,80,1.81,51.9,63.8
USW00013873,"ATHENS BEN EPPS AIRPORT, GA US",1952-12,70,4.51,43.6,52.4
USW00013873,"ATHENS BEN EPPS AIRPORT, GA US",1953-01,70,6.77,46.8,56.9
USW00013873,"ATHENS BEN EPPS AIRPORT, GA US",1953-02,69,5.66,47.1,57.3
USW00013873,"ATHENS BEN EPPS AIRPORT, GA US",1953-03,80,3.62,53.7,64.9
USW00013873,"ATHENS BEN EPPS AIRPORT, GA US",1953-04,85,2.63,59.2,71.8
USW00013873,"ATHENS BEN EPPS AIRPORT, GA US",1953-05,96,6.04,73.7,84.7
USW00013873,"ATHENS BEN EPPS AIRPORT, GA US",1953-06,100,4.65,78,88.7
USW00013873,"ATHENS BEN EPPS AIRPORT, GA US",1953-07,98,5.08,79.4,89.3
USW00013873,"ATHENS BEN EPPS AIRPORT, GA US",1953-08,101,1.4,79.1,91.2
USW00013873,"ATHENS BEN EPPS AIRPORT, GA US",1953-09,94,6.51,72.1,83
USW00013873,"ATHENS BEN EPPS AIRPORT, GA US",1953-10,87,0.2,63.9,76.2
USW00013873,"ATHENS BEN EPPS AIRPORT, GA US",1953-11,80,0.75,52.1,65.2
USW00013873,"ATHENS BEN EPPS AIRPORT, GA US",1953-12,67,8.04,43.8,52.9
USW00013873,"ATHENS BEN EPPS AIRPORT, GA US",1954-01,72,3.11,45.1,55.3
USW00013873,"ATHENS BEN EPPS AIRPORT, GA US",1954-02,75,1.61,49.9,62.2
USW00013873,"ATHENS BEN EPPS AIRPORT, GA US",1954-03,83,2.93,52.9,64.1
USW00013873,"ATHENS BEN EPPS AIRPORT, GA US",1954-04,89,1.55,65.7,77.5
USW00013873,"ATHENS BEN EPPS AIRPORT, GA US",1954-05,90,2.51,65.1,77.1
USW00013873,"ATHENS BEN EPPS AIRPORT, GA US",1954-06,104,2.81,78.1,90.8
USW00013873,"ATHENS BEN EPPS AIRPORT, GA US",1954-07,102,3.95,81.8,93.7
USW00013873,"ATHENS BEN EPPS AIRPORT, GA US",1954-08,105,2.44,81.8,94.6
USW00013873,"ATHENS BEN EPPS AIRPORT, GA US",1954-09,99,0.52,77.1,90
USW00013873,"ATHENS BEN EPPS AIRPORT, GA US",1954-10,98,0.25,64.3,77.8
USW00013873,"ATHENS BEN EPPS AIRPORT, GA US",1954-11,75,4.44,48.8,58.9
USW00013873,"ATHENS BEN EPPS AIRPORT, GA US",1954-12,67,2.49,43.7,53.6
USW00013873,"ATHENS BEN EPPS AIRPORT, GA US",1955-01,74,5.32,43.3,53
USW00013873,"ATHENS BEN EPPS AIRPORT, GA US",1955-02,71,4.55,47.1,58.2
USW00013873,"ATHENS BEN EPPS AIRPORT, GA US",1955-03,83,2.62,55.2,67.5
USW00013873,"ATHENS BEN EPPS AIRPORT, GA US",1955-04,90,2.27,65.7,78.2
USW00013873,"ATHENS BEN EPPS AIRPORT, GA US",1955-05,93,4.34,72.5,84.6
USW00013873,"ATHENS BEN EPPS AIRPORT, GA US",1955-06,94,2.36,72.8,84.7
USW00013873,"ATHENS BEN EPPS AIRPORT, GA US",1955-07,99,5.72,80.2,90.6
USW00013873,"ATHENS BEN EPPS AIRPORT, GA US",1955-08,98,2.8,80.6,91
USW00013873,"ATHENS BEN EPPS AIRPORT, GA US",1955-09,95,1.17,74.4,84.4
USW00013873,"ATHENS BEN EPPS AIRPORT, GA US",1955-10,84,1.64,60.7,73.6
USW00013873,"ATHENS BEN EPPS AIRPORT, GA US",1955-11,80,2.99,50.3,62.7
USW00013873,"ATHENS BEN EPPS AIRPORT, GA US",1955-12,77,1.18,42.1,51.5
USW00013873,"ATHENS BEN EPPS AIRPORT, GA US",1956-01,68,2.11,41.7,53.2
USW00013873,"ATHENS BEN EPPS AIRPORT, GA US",1956-02,74,5.65,48.8,58.9
USW00013873,"ATHENS BEN EPPS AIRPORT, GA US",1956-03,79,5.44,52.5,64.7
USW00013873,"ATHENS BEN EPPS AIRPORT, GA US",1956-04,86,6.73,59.5,71.8
USW00013873,"ATHENS BEN EPPS AIRPORT, GA US",1956-05,93,0.82,70.9,82.7
USW00013873,"ATHENS BEN EPPS AIRPORT, GA US",1956-06,98,2.99,76.7,89.3
USW00013873,"ATHENS BEN EPPS AIRPORT, GA US",1956-07,99,6.03,78.8,89.4
USW00013873,"ATHENS BEN EPPS AIRPORT, GA US",1956-08,97,0.49,79.7,91.6
USW00013873,"ATHENS BEN EPPS AIRPORT, GA US",1956-09,96,6.56,71.4,82.9
USW00013873,"ATHENS BEN EPPS AIRPORT, GA US",1956-10,86,2.97,63.6,72.4
USW00013873,"ATHENS BEN EPPS AIRPORT, GA US",1956-11,78,2.14,49.7,61.3
USW00013873,"ATHENS BEN EPPS AIRPORT, GA US",1956-12,76,3.78,53.2,63.7
USW00013873,"ATHENS BEN EPPS AIRPORT, GA US",1957-01,76,5.05,45.4,54.7
USW00013873,"ATHENS BEN EPPS AIRPORT, GA US",1957-02,77,3.11,52.4,62.2
USW00013873,"ATHENS BEN EPPS AIRPORT, GA US",1957-03,75,3.95,50.8,60.7
USW00013873,"ATHENS BEN EPPS AIRPORT, GA US",1957-04,88,3.94,63.9,76
USW00013873,"ATHENS BEN EPPS AIRPORT, GA US",1957-05,91,5.94,70.2,80.7
USW00013873,"ATHENS BEN EPPS AIRPORT, GA US",1957-06,95,1.32,76.9,87.2
USW00013873,"ATHENS BEN EPPS AIRPORT, GA US",1957-07,98,1.36,79.1,90.2
USW00013873,"ATHENS BEN EPPS AIRPORT, GA US",1957-08,99,1.61,78.2,90.7
USW00013873,"ATHENS BEN EPPS AIRPORT, GA US",1957-09,99,6.53,73.1,82.2
USW00013873,"ATHENS BEN EPPS AIRPORT, GA US",1957-10,78,6.13,58.3,68.3
USW00013873,"ATHENS BEN EPPS AIRPORT, GA US",1957-11,78,9.17,53.5,63.4
USW00013873,"ATHENS BEN EPPS AIRPORT, GA US",1957-12,70,3.42,45.4,55.8
USW00013873,"ATHENS BEN EPPS AIRPORT, GA US",1958-01,65,4.09,38,47.5
USW00013873,"ATHENS BEN EPPS AIRPORT, GA US",1958-02,70,4.95,37.7,48.9
USW00013873,"ATHENS BEN EPPS AIRPORT, GA US",1958-03,71,6.08,48.1,57.1
USW00013873,"ATHENS BEN EPPS AIRPORT, GA US",1958-04,87,4.57,60.3,71.5
USW00013873,"ATHENS BEN EPPS AIRPORT, GA US",1958-05,90,3.94,70.1,81.6
USW00013873,"ATHENS BEN EPPS AIRPORT, GA US",1958-06,99,0.87,77.1,88.6
USW00013873,"ATHENS BEN EPPS AIRPORT, GA US",1958-07,95,5.25,79.6,89.4
USW00013873,"ATHENS BEN EPPS AIRPORT, GA US",1958-08,96,4.21,79,89.7
USW00013873,"ATHENS BEN EPPS AIRPORT, GA US",1958-09,93,1.22,73.1,84.9
USW00013873,"ATHENS BEN EPPS AIRPORT, GA US",1958-10,88,0.93,60.7,73.3
USW00013873,"ATHENS BEN EPPS AIRPORT, GA US",1958-11,84,1.5,55.8,67.7
USW00013873,"ATHENS BEN EPPS AIRPORT, GA US",1958-12,70,2.57,41.5,52.6
USW00013873,"ATHENS BEN EPPS AIRPORT, GA US",1959-01,72,3.84,42.2,53.5
USW00013873,"ATHENS BEN EPPS AIRPORT, GA US",1959-02,71,4.76,47.3,56.8
USW00013873,"ATHENS BEN EPPS AIRPORT, GA US",1959-03,78,5.96,49.9,62
USW00013873,"ATHENS BEN EPPS AIRPORT, GA US",1959-04,85,2.4,62.4,74.6
USW00013873,"ATHENS BEN EPPS AIRPORT, GA US",1959-05,92,11.34,71.1,81.9
USW00013873,"ATHENS BEN EPPS AIRPORT, GA US",1959-06,98,1.97,76.5,87.5
USW00013873,"ATHENS BEN EPPS AIRPORT, GA US",1959-07,98,10.39,79.1,89.4
USW00013873,"ATHENS BEN EPPS AIRPORT, GA US",1959-08,98,1.24,80.6,92.2
USW00013873,"ATHENS BEN EPPS AIRPORT, GA US",1959-09,90,5.54,72.5,81.1
USW00013873,"ATHENS BEN EPPS AIRPORT, GA US",1959-10,89,5.59,63.7,71.7
USW00013873,"ATHENS BEN EPPS AIRPORT, GA US",1959-11,80,2.34,50.5,62.1
USW00013873,"ATHENS BEN EPPS AIRPORT, GA US",1959-12,68,3.08,45.4,54.9
USW00013873,"ATHENS BEN EPPS AIRPORT, GA US",1960-01,72,9.47,43.2,52.1
USW00013873,"ATHENS BEN EPPS AIRPORT, GA US",1960-02,67,6.33,42.6,53.1
USW00013873,"ATHENS BEN EPPS AIRPORT, GA US",1960-03,76,4.73,40.7,50.8
USW00013873,"ATHENS BEN EPPS AIRPORT, GA US",1960-04,89,3.34,62.8,75.3
USW00013873,"ATHENS BEN EPPS AIRPORT, GA US",1960-05,94,1.89,67.9,80.7
USW00013873,"ATHENS BEN EPPS AIRPORT, GA US",1960-06,98,1.93,76.6,88.4
USW00013873,"ATHENS BEN EPPS AIRPORT, GA US",1960-07,99,5.64,79.6,90.3
USW00013873,"ATHENS BEN EPPS AIRPORT, GA US",1960-08,94,5.02,78.5,88.6
USW00013873,"ATHENS BEN EPPS AIRPORT, GA US",1960-09,95,6.09,72.9,82.7
USW00013873,"ATHENS BEN EPPS AIRPORT, GA US",1960-10,87,2.3,64.4,75.7
USW00013873,"ATHENS BEN EPPS AIRPORT, GA US",1960-11,74,1.01,51.9,64.3
USW00013873,"ATHENS BEN EPPS AIRPORT, GA US",1960-12,72,2.83,39.8,51.6
USW00013873,"ATHENS BEN EPPS AIRPORT, GA US",1961-01,67,2.26,39.3,50.6
USW00013873,"ATHENS BEN EPPS AIRPORT, GA US",1961-02,75,9.24,48.2,58.3
USW00013873,"ATHENS BEN EPPS AIRPORT, GA US",1961-03,79,6.98,54.8,66.2
USW00013873,"ATHENS BEN EPPS AIRPORT, GA US",1961-04,82,6.4,55.7,67.9
USW00013873,"ATHENS BEN EPPS AIRPORT, GA US",1961-05,86,3.38,65.6,76.5
USW00013873,"ATHENS BEN EPPS AIRPORT, GA US",1961-06,92,4.94,73.8,84.4
USW00013873,"ATHENS BEN EPPS AIRPORT, GA US",1961-07,94,6.96,78,88.7
USW00013873,"ATHENS BEN EPPS AIRPORT, GA US",1961-08,96,7.44,76.6,86
USW00013873,"ATHENS BEN EPPS AIRPORT, GA US",1961-09,93,1.75,74.2,84.7
USW00013873,"ATHENS BEN EPPS AIRPORT, GA US",1961-10,84,0.2,61.7,75.8
USW00013873,"ATHENS BEN EPPS AIRPORT, GA US",1961-11,86,2.73,56.8,67.4
USW00013873,"ATHENS BEN EPPS AIRPORT, GA US",1961-12,72,7.65,43.8,53.5
USW00013873,"ATHENS BEN EPPS AIRPORT, GA US",1962-01,71,5.23,41.9,50.6
USW00013873,"ATHENS BEN EPPS AIRPORT, GA US",1962-02,79,5.38,49.9,61.5
USW00013873,"ATHENS BEN EPPS AIRPORT, GA US",1962-03,78,6.63,48.8,58.7
USW00013873,"ATHENS BEN EPPS AIRPORT, GA US",1962-04,87,6.23,57.9,70.1
USW00013873,"ATHENS BEN EPPS AIRPORT, GA US",1962-05,97,1.57,75.4,88.9
USW00013873,"ATHENS BEN EPPS AIRPORT, GA US",1962-06,95,4.12,75.8,85.6
USW00013873,"ATHENS BEN EPPS AIRPORT, GA US",1962-07,99,3.85,79.4,90.6
USW00013873,"ATHENS BEN EPPS AIRPORT, GA US",1962-08,95,3.68,78.4,90
USW00013873,"ATHENS BEN EPPS AIRPORT, GA US",1962-09,96,5.3,71.5,82.4
USW00013873,"ATHENS BEN EPPS AIRPORT, GA US",1962-10,86,1.39,64,76.2
USW00013873,"ATHENS BEN EPPS AIRPORT, GA US",1962-11,72,4.85,50.7,61.2
USW00013873,"ATHENS BEN EPPS AIRPORT, GA US",1962-12,70,2.44,41.1,51.7
USW00013873,"ATHENS BEN EPPS AIRPORT, GA US",1963-01,68,5.91,38.5,49.3
USW00013873,"ATHENS BEN EPPS AIRPORT, GA US",1963-02,68,3.76,39.9,51.9
USW00013873,"ATHENS BEN EPPS AIRPORT, GA US",1963-03,86,5.98,57,69.7
USW00013873,"ATHENS BEN EPPS AIRPORT, GA US",1963-04,87,7.9,63.5,75.5
USW00013873,"ATHENS BEN EPPS AIRPORT, GA US",1963-05,92,5.83,69.3,80.5
USW00013873,"ATHENS BEN EPPS AIRPORT, GA US",1963-06,96,12.22,74.6,84.3
USW00013873,"ATHENS BEN EPPS AIRPORT, GA US",1963-07,92,4.74,77.1,87.4
USW00013873,"ATHENS BEN EPPS AIRPORT, GA US",1963-08,95,0.87,79,90.3
USW00013873,"ATHENS BEN EPPS AIRPORT, GA US",1963-09,92,4.64,71.1,81.5
USW00013873,"ATHENS BEN EPPS AIRPORT, GA US",1963-10,88,0,64.7,78.1
USW00013873,"ATHENS BEN EPPS AIRPORT, GA US",1963-11,77,5.44,52.3,64.5
USW00013873,"ATHENS BEN EPPS AIRPORT, GA US",1963-12,62,5.79,37.1,47.3
USW00013873,"ATHENS BEN EPPS AIRPORT, GA US",1964-01,72,7.41,41.8,51.8
USW00013873,"ATHENS BEN EPPS AIRPORT, GA US",1964-02,63,5.18,41.1,51.3
USW00013873,"ATHENS BEN EPPS AIRPORT, GA US",1964-03,78,10.9,52.2,64.2
USW00013873,"ATHENS BEN EPPS AIRPORT, GA US",1964-04,86,9.55,61.1,72.6
USW00013873,"ATHENS BEN EPPS AIRPORT, GA US",1964-05,95,4.77,70.6,83.1
USW00013873,"ATHENS BEN EPPS AIRPORT, GA US",1964-06,103,3.51,79.1,91.4
USW00013873,"ATHENS BEN EPPS AIRPORT, GA US",1964-07,90,10.54,76.8,85.5
USW00013873,"ATHENS BEN EPPS AIRPORT, GA US",1964-08,94,3.78,76.4,86.1
USW00013873,"ATHENS BEN EPPS AIRPORT, GA US",1964-09,91,1.84,73.2,83.2
USW00013873,"ATHENS BEN EPPS AIRPORT, GA US",1964-10,82,7.73,58.3,69.7
USW00013873,"ATHENS BEN EPPS AIRPORT, GA US",1964-11,80,2.52,56,67.6
USW00013873,"ATHENS BEN EPPS AIRPORT, GA US",1964-12,77,3.68,47.6,57.4
USW00013873,"ATHENS BEN EPPS AIRPORT, GA US",1965-01,74,1.83,44.5,56.4
USW00013873,"ATHENS BEN EPPS AIRPORT, GA US",1965-02,76,4.92,45.6,56.5
USW00013873,"ATHENS BEN EPPS AIRPORT, GA US",1965-03,78,7,49.8,60.1
USW00013873,"ATHENS BEN EPPS AIRPORT, GA US",1965-04,89,4.66,63,74.6
USW00013873,"ATHENS BEN EPPS AIRPORT, GA US",1965-05,92,0.93,73.7,87.5
USW00013873,"ATHENS BEN EPPS AIRPORT, GA US",1965-06,92,6.02,74,83.2
USW00013873,"ATHENS BEN EPPS AIRPORT, GA US",1965-07,95,4.42,78.8,88.8
USW00013873,"ATHENS BEN EPPS AIRPORT, GA US",1965-08,97,1.45,78.9,89.7
USW00013873,"ATHENS BEN EPPS AIRPORT, GA US",1965-09,92,5.27,72.9,82
USW00013873,"ATHENS BEN EPPS AIRPORT, GA US",1965-10,86,2.9,60.2,71.6
USW00013873,"ATHENS BEN EPPS AIRPORT, GA US",1965-11,76,1.5,54,65.5
USW00013873,"ATHENS BEN EPPS AIRPORT, GA US",1965-12,70,1.03,46.1,58.4
USW00013873,"ATHENS BEN EPPS AIRPORT, GA US",1966-01,71,8.56,38.3,47
USW00013873,"ATHENS BEN EPPS AIRPORT, GA US",1966-02,71,7.52,44.9,54.1
USW00013873,"ATHENS BEN EPPS AIRPORT, GA US",1966-03,80,4.73,51,63.4
USW00013873,"ATHENS BEN EPPS AIRPORT, GA US",1966-04,85,4.55,61,72.6
USW00013873,"ATHENS BEN EPPS AIRPORT, GA US",1966-05,89,6.5,67.9,77.6
USW00013873,"ATHENS BEN EPPS AIRPORT, GA US",1966-06,94,3.35,74.5,85.6
USW00013873,"ATHENS BEN EPPS AIRPORT, GA US",1966-07,101,2.5,79.9,90.9
USW00013873,"ATHENS BEN EPPS AIRPORT, GA US",1966-08,92,6.27,77,86.7
USW00013873,"ATHENS BEN EPPS AIRPORT, GA US",1966-09,93,2.8,71.7,82.1
USW00013873,"ATHENS BEN EPPS AIRPORT, GA US",1966-10,83,3.54,60,71.7
USW00013873,"ATHENS BEN EPPS AIRPORT, GA US",1966-11,76,3.27,53,64.4
USW00013873,"ATHENS BEN EPPS AIRPORT, GA US",1966-12,75,4.74,44.5,54.5
USW00013873,"ATHENS BEN EPPS AIRPORT, GA US",1967-01,75,4.27,45.3,56.4
USW00013873,"ATHENS BEN EPPS AIRPORT, GA US",1967-02,70,4.14,42,51.3
USW00013873,"ATHENS BEN EPPS AIRPORT, GA US",1967-03,83,2.27,56.9,70.6
USW00013873,"ATHENS BEN EPPS AIRPORT, GA US",1967-04,88,4.87,64.7,76.9
USW00013873,"ATHENS BEN EPPS AIRPORT, GA US",1967-05,92,5.69,66.1,77.5
USW00013873,"ATHENS BEN EPPS AIRPORT, GA US",1967-06,94,13.21,73.3,83.1
USW00013873,"ATHENS BEN EPPS AIRPORT, GA US",1967-07,88,7.98,75.2,84.2
USW00013873,"ATHENS BEN EPPS AIRPORT, GA US",1967-08,90,5.92,75,84.4
USW00013873,"ATHENS BEN EPPS AIRPORT, GA US",1967-09,88,1.28,67.6,78.8
USW00013873,"ATHENS BEN EPPS AIRPORT, GA US",1967-10,88,3.61,60.6,73.6
USW00013873,"ATHENS BEN EPPS AIRPORT, GA US",1967-11,75,6.36,48.6,60.3
USW00013873,"ATHENS BEN EPPS AIRPORT, GA US",1967-12,76,6.59,47.9,57.4
USW00013873,"ATHENS BEN EPPS AIRPORT, GA US",1968-01,70,5.26,39.5,48.7
USW00013873,"ATHENS BEN EPPS AIRPORT, GA US",1968-02,63,1.45,39.3,50.4
USW00013873,"ATHENS BEN EPPS AIRPORT, GA US",1968-03,80,4.34,52.8,66.6
USW00013873,"ATHENS BEN EPPS AIRPORT, GA US",1968-04,85,4.6,61.3,72.3
USW00013873,"ATHENS BEN EPPS AIRPORT, GA US",1968-05,87,6.39,66.9,77.6
USW00013873,"ATHENS BEN EPPS AIRPORT, GA US",1968-06,94,4.94,75.4,85.8
USW00013873,"ATHENS BEN EPPS AIRPORT, GA US",1968-07,96,8.5,77.9,86.9
USW00013873,"ATHENS BEN EPPS AIRPORT, GA US",1968-08,101,3.25,79.3,89.5
USW00013873,"ATHENS BEN EPPS AIRPORT, GA US",1968-09,87,1.94,70.5,81.1
USW00013873,"ATHENS BEN EPPS AIRPORT, GA US",1968-10,86,3.06,62,72.8
USW00013873,"ATHENS BEN EPPS AIRPORT, GA US",1968-11,79,6.57,50.6,61
USW00013873,"ATHENS BEN EPPS AIRPORT, GA US",1968-12,63,5.94,40,50.3
USW00013873,"ATHENS BEN EPPS AIRPORT, GA US",1969-01,68,4.96,41.6,50.8
USW00013873,"ATHENS BEN EPPS AIRPORT, GA US",1969-02,67,3.38,43.5,52.8
USW00013873,"ATHENS BEN EPPS AIRPORT, GA US",1969-03,78,4.87,47.4,59.2
USW00013873,"ATHENS BEN EPPS AIRPORT, GA US",1969-04,85,5.69,62.6,74.1
USW00013873,"ATHENS BEN EPPS AIRPORT, GA US",1969-05,93,4.61,69,79.5
USW00013873,"ATHENS BEN EPPS AIRPORT, GA US",1969-06,101,1.5,78.4,89.6
USW00013873,"ATHENS BEN EPPS AIRPORT, GA US",1969-07,99,2.28,82.6,93.8
USW00013873,"ATHENS BEN EPPS AIRPORT, GA US",1969-08,95,5.92,76.1,85.9
USW00013873,"ATHENS BEN EPPS AIRPORT, GA US",1969-09,91,5.2,70.7,79.6
USW00013873,"ATHENS BEN EPPS AIRPORT, GA US",1969-10,85,1.98,63,73.5
USW00013873,"ATHENS BEN EPPS AIRPORT, GA US",1969-11,74,2.02,49.9,62.3
USW00013873,"ATHENS BEN EPPS AIRPORT, GA US",1969-12,69,3.88,42.2,51.6
USW00013873,"ATHENS BEN EPPS AIRPORT, GA US",1970-01,70,2.28,36.9,46.7
USW00013873,"ATHENS BEN EPPS AIRPORT, GA US",1970-02,70,2.06,44.7,57.3
USW00013873,"ATHENS BEN EPPS AIRPORT, GA US",1970-03,75,6.35,52.6,63.4
USW00013873,"ATHENS BEN EPPS AIRPORT, GA US",1970-04,89,1.7,63.6,74.5
USW00013873,"ATHENS BEN EPPS AIRPORT, GA US",1970-05,93,3.77,70.2,81.9
USW00013873,"ATHENS BEN EPPS AIRPORT, GA US",1970-06,96,1.36,76,86.9
USW00013873,"ATHENS BEN EPPS AIRPORT, GA US",1970-07,101,4.07,80,91.3
USW00013873,"ATHENS BEN EPPS AIRPORT, GA US",1970-08,95,3.04,78.4,86.8
USW00013873,"ATHENS BEN EPPS AIRPORT, GA US",1970-09,94,7.09,76.2,86.2
USW00013873,"ATHENS BEN EPPS AIRPORT, GA US",1970-10,87,5.55,64.7,74.2
USW00013873,"ATHENS BEN EPPS AIRPORT, GA US",1970-11,76,1.28,49.9,61.8
USW00013873,"ATHENS BEN EPPS AIRPORT, GA US",1970-12,75,2.87,47.5,57.8
USW00013873,"ATHENS BEN EPPS AIRPORT, GA US",1971-01,68,4.06,42.8,52.3
USW00013873,"ATHENS BEN EPPS AIRPORT, GA US",1971-02,72,5.61,44.3,55.9
USW00013873,"ATHENS BEN EPPS AIRPORT, GA US",1971-03,76,7.91,47.9,58.8
USW00013873,"ATHENS BEN EPPS AIRPORT, GA US",1971-04,88,4.17,60.9,74.4
USW00013873,"ATHENS BEN EPPS AIRPORT, GA US",1971-05,89,3.05,66.8,78.8
USW00013873,"ATHENS BEN EPPS AIRPORT, GA US",1971-06,96,4.41,77.8,88.7
USW00013873,"ATHENS BEN EPPS AIRPORT, GA US",1971-07,92,3.28,77.3,85.8
USW00013873,"ATHENS BEN EPPS AIRPORT, GA US",1971-08,90,4.56,77.1,86
USW00013873,"ATHENS BEN EPPS AIRPORT, GA US",1971-09,90,2.76,74.3,83.4
USW00013873,"ATHENS BEN EPPS AIRPORT, GA US",1971-10,90,2.95,67.1,76.6
USW00013873,"ATHENS BEN EPPS AIRPORT, GA US",1971-11,80,4.02,51.5,62.3
USW00013873,"ATHENS BEN EPPS AIRPORT, GA US",1971-12,78,2.82,52.6,61.5
USW00013873,"ATHENS BEN EPPS AIRPORT, GA US",1972-01,69,6.47,48.1,57.2
USW00013873,"ATHENS BEN EPPS AIRPORT, GA US",1972-02,78,2.95,43.3,53.2
USW00013873,"ATHENS BEN EPPS AIRPORT, GA US",1972-03,78,3.89,53.4,65.7
USW00013873,"ATHENS BEN EPPS AIRPORT, GA US",1972-04,87,1.55,61.7,74.6
USW00013873,"ATHENS BEN EPPS AIRPORT, GA US",1972-05,88,6.02,66.9,77
USW00013873,"ATHENS BEN EPPS AIRPORT, GA US",1972-06,93,5.72,72.6,84
USW00013873,"ATHENS BEN EPPS AIRPORT, GA US",1972-07,95,4.69,77.5,87.7
USW00013873,"ATHENS BEN EPPS AIRPORT, GA US",1972-08,95,2.64,78.1,88.1
USW00013873,"ATHENS BEN EPPS AIRPORT, GA US",1972-09,97,0.69,75.6,87.7
USW00013873,"ATHENS BEN EPPS AIRPORT, GA US",1972-10,84,2.43,62.3,73.9
USW00013873,"ATHENS BEN EPPS AIRPORT, GA US",1972-11,81,3.57,51,60.4
USW00013873,"ATHENS BEN EPPS AIRPORT, GA US",1972-12,76,8.43,49.7,58.3
USW00013873,"ATHENS BEN EPPS AIRPORT, GA US",1973-01,70,4.29,43.2,52.8
USW00013873,"ATHENS BEN EPPS AIRPORT, GA US",1973-02,68,2.68,44,55.4
USW00013873,"ATHENS BEN EPPS AIRPORT, GA US",1973-03,81,9.87,57.2,66.5
USW00013873,"ATHENS BEN EPPS AIRPORT, GA US",1973-04,81,3.58,57.8,68.4
USW00013873,"ATHENS BEN EPPS AIRPORT, GA US",1973-05,88,8.03,65.4,77
USW00013873,"ATHENS BEN EPPS AIRPORT, GA US",1973-06,90,3.19,75.8,85.4
USW00013873,"ATHENS BEN EPPS AIRPORT, GA US",1973-07,94,2.15,79.3,89.2
USW00013873,"ATHENS BEN EPPS AIRPORT, GA US",1973-08,93,3.09,77.4,87.2
USW00013873,"ATHENS BEN EPPS AIRPORT, GA US",1973-09,95,4.09,75.4,85.7
USW00013873,"ATHENS BEN EPPS AIRPORT, GA US",1973-10,87,0.66,63.8,75.3
USW00013873,"ATHENS BEN EPPS AIRPORT, GA US",1973-11,79,1.78,55.2,68.3
USW00013873,"ATHENS BEN EPPS AIRPORT, GA US",1973-12,74,6.98,44.2,54.4
USW00013873,"ATHENS BEN EPPS AIRPORT, GA US",1974-01,75,3.69,52.6,60.6
USW00013873,"ATHENS BEN EPPS AIRPORT, GA US",1974-02,75,4.98,46.4,58.9
USW00013873,"ATHENS BEN EPPS AIRPORT, GA US",1974-03,88,2.32,57.5,69.9
USW00013873,"ATHENS BEN EPPS AIRPORT, GA US",1974-04,87,3.81,60.9,73.1
USW00013873,"ATHENS BEN EPPS AIRPORT, GA US",1974-05,89,9.72,70.1,80.9
USW00013873,"ATHENS BEN EPPS AIRPORT, GA US",1974-06,93,5.05,72.4,83.3
USW00013873,"ATHENS BEN EPPS AIRPORT, GA US",1974-07,95,5.03,77.5,86.6
USW00013873,"ATHENS BEN EPPS AIRPORT, GA US",1974-08,93,6,77.4,85.6
USW00013873,"ATHENS BEN EPPS AIRPORT, GA US",1974-09,89,1.32,70.7,79.3
USW00013873,"ATHENS BEN EPPS AIRPORT, GA US",1974-10,83,0.4,61.2,75.5
USW00013873,"ATHENS BEN EPPS AIRPORT, GA US",1974-11,85,3.11,52.4,64.9
USW00013873,"ATHENS BEN EPPS AIRPORT, GA US",1974-12,70,4.57,45.3,53.5
USW00013873,"ATHENS BEN EPPS AIRPORT, GA US",1975-01,80,5.55,47.9,57.8
USW00013873,"ATHENS BEN EPPS AIRPORT, GA US",1975-02,75,6.43,48.9,59.4
USW00013873,"ATHENS BEN EPPS AIRPORT, GA US",1975-03,80,10.12,51.2,62.3
USW00013873,"ATHENS BEN EPPS AIRPORT, GA US",1975-04,87,2.8,61.2,73.2
USW00013873,"ATHENS BEN EPPS AIRPORT, GA US",1975-05,90,7.21,71.7,80.7
USW00013873,"ATHENS BEN EPPS AIRPORT, GA US",1975-06,93,3.19,75.1,84.4
USW00013873,"ATHENS BEN EPPS AIRPORT, GA US",1975-07,93,6.55,78.7,86.9
USW00013873,"ATHENS BEN EPPS AIRPORT, GA US",1975-08,98,3.66,79.8,88.8
USW00013873,"ATHENS BEN EPPS AIRPORT, GA US",1975-09,95,6.1,72,80.2
USW00013873,"ATHENS BEN EPPS AIRPORT, GA US",1975-10,86,3.83,64.8,74.5
USW00013873,"ATHENS BEN EPPS AIRPORT, GA US",1975-11,79,3.86,54.8,65.6
USW00013873,"ATHENS BEN EPPS AIRPORT, GA US",1975-12,71,2.76,44.3,54.4
USW00013873,"ATHENS BEN EPPS AIRPORT, GA US",1976-01,66,4.06,39.7,50.6
USW00013873,"ATHENS BEN EPPS AIRPORT, GA US",1976-02,78,2.07,52.4,66.1
USW00013873,"ATHENS BEN EPPS AIRPORT, GA US",1976-03,83,8.55,57.1,68.1
USW00013873,"ATHENS BEN EPPS AIRPORT, GA US",1976-04,88,0.74,62.6,76
USW00013873,"ATHENS BEN EPPS AIRPORT, GA US",1976-05,86,8.5,66.2,76.3
USW00013873,"ATHENS BEN EPPS AIRPORT, GA US",1976-06,92,2.47,74,83.5
USW00013873,"ATHENS BEN EPPS AIRPORT, GA US",1976-07,97,2.97,77.9,88
USW00013873,"ATHENS BEN EPPS AIRPORT, GA US",1976-08,94,5.31,76.8,86.7
USW00013873,"ATHENS BEN EPPS AIRPORT, GA US",1976-09,87,3.01,70.4,80.4
USW00013873,"ATHENS BEN EPPS AIRPORT, GA US",1976-10,80,6.22,57.9,68.4
USW00013873,"ATHENS BEN EPPS AIRPORT, GA US",1976-11,72,5.26,47,57.6
USW00013873,"ATHENS BEN EPPS AIRPORT, GA US",1976-12,69,5.28,41.1,51.2
USW00013873,"ATHENS BEN EPPS AIRPORT, GA US",1977-01,58,4.14,31.2,39.8
USW00013873,"ATHENS BEN EPPS AIRPORT, GA US",1977-02,78,1.79,43.2,56.6
USW00013873,"ATHENS BEN EPPS AIRPORT, GA US",1977-03,82,6,56.9,67.6
USW00013873,"ATHENS BEN EPPS AIRPORT, GA US",1977-04,87,1.87,64.4,76.9
USW00013873,"ATHENS BEN EPPS AIRPORT, GA US",1977-05,91,0.88,71.3,83.4
USW00013873,"ATHENS BEN EPPS AIRPORT, GA US",1977-06,98,1.76,78.6,91
USW00013873,"ATHENS BEN EPPS AIRPORT, GA US",1977-07,104,5.58,81.8,93
USW00013873,"ATHENS BEN EPPS AIRPORT, GA US",1977-08,92,6.33,78.2,87.2
USW00013873,"ATHENS BEN EPPS AIRPORT, GA US",1977-09,88,3.35,74.4,82.5
USW00013873,"ATHENS BEN EPPS AIRPORT, GA US",1977-10,84,7.42,59.4,70.4
USW00013873,"ATHENS BEN EPPS AIRPORT, GA US",1977-11,75,4.86,55,63.4
USW00013873,"ATHENS BEN EPPS AIRPORT, GA US",1977-12,77,2.19,43.4,52.7
USW00013873,"ATHENS BEN EPPS AIRPORT, GA US",1978-01,63,6.93,35.3,43.7
USW00013873,"ATHENS BEN EPPS AIRPORT, GA US",1978-02,69,0.75,39,48.6
USW00013873,"ATHENS BEN EPPS AIRPORT, GA US",1978-03,82,3.49,51.7,64
USW00013873,"ATHENS BEN EPPS AIRPORT, GA US",1978-04,88,2.78,63.2,75.7
USW00013873,"ATHENS BEN EPPS AIRPORT, GA US",1978-05,90,4.82,68.5,77.9
USW00013873,"ATHENS BEN EPPS AIRPORT, GA US",1978-06,100,2.39,77.8,88.5
USW00013873,"ATHENS BEN EPPS AIRPORT, GA US",1978-07,98,6.41,80,89.4
USW00013873,"ATHENS BEN EPPS AIRPORT, GA US",1978-08,93,4.35,78.4,86.9
USW00013873,"ATHENS BEN EPPS AIRPORT, GA US",1978-09,93,1.15,74.9,84.2
USW00013873,"ATHENS BEN EPPS AIRPORT, GA US",1978-10,83,0.97,61.3,73.9
USW00013873,"ATHENS BEN EPPS AIRPORT, GA US",1978-11,78,2.5,57.6,67.3
USW00013873,"ATHENS BEN EPPS AIRPORT, GA US",1978-12,75,3.52,46,56.9
USW00013873,"ATHENS BEN EPPS AIRPORT, GA US",1979-01,69,6.54,38.8,49
USW00013873,"ATHENS BEN EPPS AIRPORT, GA US",1979-02,73,6.21,42.1,51.4
USW00013873,"ATHENS BEN EPPS AIRPORT, GA US",1979-03,82,2.72,55.9,67.2
USW00013873,"ATHENS BEN EPPS AIRPORT, GA US",1979-04,82,8.1,62.5,73.3
USW00013873,"ATHENS BEN EPPS AIRPORT, GA US",1979-05,88,3.69,69.8,80.1
USW00013873,"ATHENS BEN EPPS AIRPORT, GA US",1979-06,93,2.51,74.3,83.7
USW00013873,"ATHENS BEN EPPS AIRPORT, GA US",1979-07,95,5.94,77.5,85.6
USW00013873,"ATHENS BEN EPPS AIRPORT, GA US",1979-08,97,3.46,79,89
USW00013873,"ATHENS BEN EPPS AIRPORT, GA US",1979-09,91,2.44,71.9,78.6
USW00013873,"ATHENS BEN EPPS AIRPORT, GA US",1979-10,82,2.56,61.7,73.7
USW00013873,"ATHENS BEN EPPS AIRPORT, GA US",1979-11,77,3.5,55,66.1
USW00013873,"ATHENS BEN EPPS AIRPORT, GA US",1979-12,75,1.38,46.5,56.8
USW00013873,"ATHENS BEN EPPS AIRPORT, GA US",1980-01,68,6.76,45,53.1
USW00013873,"ATHENS BEN EPPS AIRPORT, GA US",1980-02,79,1.85,42,53.1
USW00013873,"ATHENS BEN EPPS AIRPORT, GA US",1980-03,75,10,50.9,60.8
USW00013873,"ATHENS BEN EPPS AIRPORT, GA US",1980-04,89,2.68,61,72.8
USW00013873,"ATHENS BEN EPPS AIRPORT, GA US",1980-05,90,7.52,69.8,79.7
USW00013873,"ATHENS BEN EPPS AIRPORT, GA US",1980-06,93,3.43,76.5,86.1
USW00013873,"ATHENS BEN EPPS AIRPORT, GA US",1980-07,103,1.7,83.2,94.2
USW00013873,"ATHENS BEN EPPS AIRPORT, GA US",1980-08,101,2.55,81.7,93.3
USW00013873,"ATHENS BEN EPPS AIRPORT, GA US",1980-09,96,5.56,76.5,86
USW00013873,"ATHENS BEN EPPS AIRPORT, GA US",1980-10,85,1.48,59.5,70.6
USW00013873,"ATHENS BEN EPPS AIRPORT, GA US",1980-11,78,2.65,50.9,61.7
USW00013873,"ATHENS BEN EPPS AIRPORT, GA US",1980-12,75,1.9,45.3,57.6
USW00013873,"ATHENS BEN EPPS AIRPORT, GA US",1981-01,67,0.64,39.7,51.2
USW00013873,"ATHENS BEN EPPS AIRPORT, GA US",1981-02,79,6.73,46,57.3
USW00013873,"ATHENS BEN EPPS AIRPORT, GA US",1981-03,84,2.45,52.2,65.1
USW00013873,"ATHENS BEN EPPS AIRPORT, GA US",1981-04,90,2.1,67.2,79.7
USW00013873,"ATHENS BEN EPPS AIRPORT, GA US",1981-05,93,3.67,67.9,79.9
USW00013873,"ATHENS BEN EPPS AIRPORT, GA US",1981-06,100,1.5,82.1,92.6
USW00013873,"ATHENS BEN EPPS AIRPORT, GA US",1981-07,101,2.33,83.1,93.1
USW00013873,"ATHENS BEN EPPS AIRPORT, GA US",1981-08,96,1,77.6,86.2
USW00013873,"ATHENS BEN EPPS AIRPORT, GA US",1981-09,91,1.04,73,85.2
USW00013873,"ATHENS BEN EPPS AIRPORT, GA US",1981-10,92,2.06,60.6,71.9
USW00013873,"ATHENS BEN EPPS AIRPORT, GA US",1981-11,76,1.81,52.9,64.8
USW00013873,"ATHENS BEN EPPS AIRPORT, GA US",1981-12,67,7.57,39.6,48.5
USW00013873,"ATHENS BEN EPPS AIRPORT, GA US",1982-01,70,4.83,38,48.3
USW00013873,"ATHENS BEN EPPS AIRPORT, GA US",1982-02,79,7.07,48.4,58
USW00013873,"ATHENS BEN EPPS AIRPORT, GA US",1982-03,86,1.88,56.9,68.1
USW00013873,"ATHENS BEN EPPS AIRPORT, GA US",1982-04,82,5.74,60.4,70.7
USW00013873,"ATHENS BEN EPPS AIRPORT, GA US",1982-05,94,4.33,74.6,87.1
USW00013873,"ATHENS BEN EPPS AIRPORT, GA US",1982-06,96,3.65,78.5,88.6
USW00013873,"ATHENS BEN EPPS AIRPORT, GA US",1982-07,97,3.13,82.3,91.7
USW00013873,"ATHENS BEN EPPS AIRPORT, GA US",1982-08,94,3.1,79.8,89
USW00013873,"ATHENS BEN EPPS AIRPORT, GA US",1982-09,93,2.19,73.9,84
USW00013873,"ATHENS BEN EPPS AIRPORT, GA US",1982-10,88,4.56,63.4,74.3
USW00013873,"ATHENS BEN EPPS AIRPORT, GA US",1982-11,82,5.56,54.7,64.5
USW00013873,"ATHENS BEN EPPS AIRPORT, GA US",1982-12,77,3.56,51.5,60.3
USW00013873,"ATHENS BEN EPPS AIRPORT, GA US",1983-01,66,3.19,42.1,51.2
USW00013873,"ATHENS BEN EPPS AIRPORT, GA US",1983-02,68,5.43,46,56
USW00013873,"ATHENS BEN EPPS AIRPORT, GA US",1983-03,81,6.1,53.7,64.5
USW00013873,"ATHENS BEN EPPS AIRPORT, GA US",1983-04,85,5.17,58.3,70.1
USW00013873,"ATHENS BEN EPPS AIRPORT, GA US",1983-05,88,2.3,70.1,81.8
USW00013873,"ATHENS BEN EPPS AIRPORT, GA US",1983-06,93,3.18,75.1,85.2
USW00013873,"ATHENS BEN EPPS AIRPORT, GA US",1983-07,102,1.99,82.3,94.1
USW00013873,"ATHENS BEN EPPS AIRPORT, GA US",1983-08,107,2.06,83.4,95.3
USW00013873,"ATHENS BEN EPPS AIRPORT, GA US",1983-09,95,5.62,72.7,83.3
USW00013873,"ATHENS BEN EPPS AIRPORT, GA US",1983-10,88,3.64,63.7,75
USW00013873,"ATHENS BEN EPPS AIRPORT, GA US",1983-11,80,6.9,54.2,66.6
USW00013873,"ATHENS BEN EPPS AIRPORT, GA US",1983-12,73,8.22,42.9,53.3
USW00013873,"ATHENS BEN EPPS AIRPORT, GA US",1984-01,70,4.5,42.5,53.3
USW00013873,"ATHENS BEN EPPS AIRPORT, GA US",1984-02,77,5.94,48.8,61.2
USW00013873,"ATHENS BEN EPPS AIRPORT, GA US",1984-03,83,5.18,54,67.2
USW00013873,"ATHENS BEN EPPS AIRPORT, GA US",1984-04,87,4.84,59.4,70.2
USW00013873,"ATHENS BEN EPPS AIRPORT, GA US",1984-05,90,3.41,69.2,82
USW00013873,"ATHENS BEN EPPS AIRPORT, GA US",1984-06,103,3.79,79.7,92
USW00013873,"ATHENS BEN EPPS AIRPORT, GA US",1984-07,94,10.21,76.9,86
USW00013873,"ATHENS BEN EPPS AIRPORT, GA US",1984-08,92,3.59,79.2,88.1
USW00013873,"ATHENS BEN EPPS AIRPORT, GA US",1984-09,95,0.72,73.1,84.5
USW00013873,"ATHENS BEN EPPS AIRPORT, GA US",1984-10,87,2.76,69.6,80.7
USW00013873,"ATHENS BEN EPPS AIRPORT, GA US",1984-11,77,2.32,50.7,64.3
USW00013873,"ATHENS BEN EPPS AIRPORT, GA US",1984-12,79,2.62,53.8,65.6
USW00013873,"ATHENS BEN EPPS AIRPORT, GA US",1985-01,76,4.11,37.8,47.8
USW00013873,"ATHENS BEN EPPS AIRPORT, GA US",1985-02,74,4.63,45.7,56
USW00013873,"ATHENS BEN EPPS AIRPORT, GA US",1985-03,84,1.15,56.3,69
USW00013873,"ATHENS BEN EPPS AIRPORT, GA US",1985-04,88,1.73,64.1,77.2
USW00013873,"ATHENS BEN EPPS AIRPORT, GA US",1985-05,91,3.81,70.2,81.3
USW00013873,"ATHENS BEN EPPS AIRPORT, GA US",1985-06,100,2.09,77.7,89.4
USW00013873,"ATHENS BEN EPPS AIRPORT, GA US",1985-07,94,6.35,78,87.2
USW00013873,"ATHENS BEN EPPS AIRPORT, GA US",1985-08,92,2.39,77.3,85.8
USW00013873,"ATHENS BEN EPPS AIRPORT, GA US",1985-09,94,0.62,72.1,83.7
USW00013873,"ATHENS BEN EPPS AIRPORT, GA US",1985-10,87,5.15,65.9,74.3
USW00013873,"ATHENS BEN EPPS AIRPORT, GA US",1985-11,80,4.99,61.8,70.4
USW00013873,"ATHENS BEN EPPS AIRPORT, GA US",1985-12,68,1.39,41,52.1
USW00013873,"ATHENS BEN EPPS AIRPORT, GA US",1986-01,70,0.76,42,53.4
USW00013873,"ATHENS BEN EPPS AIRPORT, GA US",1986-02,78,1.65,49.7,61.1
USW00013873,"ATHENS BEN EPPS AIRPORT, GA US",1986-03,85,3.27,54.3,66.8
USW00013873,"ATHENS BEN EPPS AIRPORT, GA US",1986-04,93,1.22,62.8,76.6
USW00013873,"ATHENS BEN EPPS AIRPORT, GA US",1986-05,91,2.21,70.3,81.8
USW00013873,"ATHENS BEN EPPS AIRPORT, GA US",1986-06,97,2.13,79.4,90.5
USW00013873,"ATHENS BEN EPPS AIRPORT, GA US",1986-07,103,3.63,83.9,96.2
USW00013873,"ATHENS BEN EPPS AIRPORT, GA US",1986-08,96,3.76,77.7,86.9
USW00013873,"ATHENS BEN EPPS AIRPORT, GA US",1986-09,92,1.95,74.2,82.9
USW00013873,"ATHENS BEN EPPS AIRPORT, GA US",1986-10,91,7.65,63.5,73.6
USW00013873,"ATHENS BEN EPPS AIRPORT, GA US",1986-11,80,4.77,57,63.8
USW00013873,"ATHENS BEN EPPS AIRPORT, GA US",1986-12,66,3.04,44.6,53.3
USW00013873,"ATHENS BEN EPPS AIRPORT, GA US",1987-01,67,6.29,41.7,50.4
USW00013873,"ATHENS BEN EPPS AIRPORT, GA US",1987-02,71,5.17,45.4,53.9
USW00013873,"ATHENS BEN EPPS AIRPORT, GA US",1987-03,77,4.3,52.5,62.8
USW00013873,"ATHENS BEN EPPS AIRPORT, GA US",1987-04,90,0.89,59.4,72
USW00013873,"ATHENS BEN EPPS AIRPORT, GA US",1987-05,91,2.3,72.7,83.6
USW00013873,"ATHENS BEN EPPS AIRPORT, GA US",1987-06,95,3.34,77.9,88.3
USW00013873,"ATHENS BEN EPPS AIRPORT, GA US",1987-07,100,4.83,81.3,93.5
USW00013873,"ATHENS BEN EPPS AIRPORT, GA US",1987-08,98,0.98,81.9,92.5
USW00013873,"ATHENS BEN EPPS AIRPORT, GA US",1987-09,91,2.39,73.8,84.4
USW00013873,"ATHENS BEN EPPS AIRPORT, GA US",1987-10,85,0.36,57.6,72.6
USW00013873,"ATHENS BEN EPPS AIRPORT, GA US",1987-11,80,2.61,55.2,66.7
USW00013873,"ATHENS BEN EPPS AIRPORT, GA US",1987-12,72,2.39,47.9,57
USW00013873,"ATHENS BEN EPPS AIRPORT, GA US",1988-01,67,5.35,39.1,47.8
USW00013873,"ATHENS BEN EPPS AIRPORT, GA US",1988-02,73,2.89,44.7,56.4
USW00013873,"ATHENS BEN EPPS AIRPORT, GA US",1988-03,78,2.53,53.9,65.6
USW00013873,"ATHENS BEN EPPS AIRPORT, GA US",1988-04,87,3.39,61.8,73.7
USW00013873,"ATHENS BEN EPPS AIRPORT, GA US",1988-05,92,0.41,69.4,83.2
USW00013873,"ATHENS BEN EPPS AIRPORT, GA US",1988-06,101,0.91,77.6,91.3
USW00013873,"ATHENS BEN EPPS AIRPORT, GA US",1988-07,102,1.67,80.5,91.7
USW00013873,"ATHENS BEN EPPS AIRPORT, GA US",1988-08,99,2.52,80.5,90.9
USW00013873,"ATHENS BEN EPPS AIRPORT, GA US",1988-09,92,5.37,72.8,81.3
USW00013873,"ATHENS BEN EPPS AIRPORT, GA US",1988-10,80,2.33,57.9,68.9
USW00013873,"ATHENS BEN EPPS AIRPORT, GA US",1988-11,77,4.19,54,64.3
USW00013873,"ATHENS BEN EPPS AIRPORT, GA US",1988-12,69,0.81,45.3,57
USW00013873,"ATHENS BEN EPPS AIRPORT, GA US",1989-01,72,2.1,48.1,58.8
USW00013873,"ATHENS BEN EPPS AIRPORT, GA US",1989-02,81,3.21,47.9,58
USW00013873,"ATHENS BEN EPPS AIRPORT, GA US",1989-03,83,3.97,55.3,65.8
USW00013873,"ATHENS BEN EPPS AIRPORT, GA US",1989-04,89,4.2,61.2,72.6
USW00013873,"ATHENS BEN EPPS AIRPORT, GA US",1989-05,91,4,67.1,78.5
USW00013873,"ATHENS BEN EPPS AIRPORT, GA US",1989-06,96,6.21,76.5,85.8
USW00013873,"ATHENS BEN EPPS AIRPORT, GA US",1989-07,94,6.21,79.3,88.1
USW00013873,"ATHENS BEN EPPS AIRPORT, GA US",1989-08,95,1.97,78.7,88.6
USW00013873,"ATHENS BEN EPPS AIRPORT, GA US",1989-09,94,10.3,71.8,80
USW00013873,"ATHENS BEN EPPS AIRPORT, GA US",1989-10,85,5.85,63,74.6
USW00013873,"ATHENS BEN EPPS AIRPORT, GA US",1989-11,81,3.51,52.9,64.7
USW00013873,"ATHENS BEN EPPS AIRPORT, GA US",1989-12,67,5.29,38.4,47.8
USW00013873,"ATHENS BEN EPPS AIRPORT, GA US",1990-01,72,5.75,48.5,59
USW00013873,"ATHENS BEN EPPS AIRPORT, GA US",1990-02,75,7.47,52.9,63.9
USW00013873,"ATHENS BEN EPPS AIRPORT, GA US",1990-03,82,8.17,56.4,66.9
USW00013873,"ATHENS BEN EPPS AIRPORT, GA US",1990-04,87,2.15,60.7,73.3
USW00013873,"ATHENS BEN EPPS AIRPORT, GA US",1990-05,91,1.96,69.1,80.7
USW00013873,"ATHENS BEN EPPS AIRPORT, GA US",1990-06,101,1.93,78,89.5
USW00013873,"ATHENS BEN EPPS AIRPORT, GA US",1990-07,100,6.13,80.6,91.1
USW00013873,"ATHENS BEN EPPS AIRPORT, GA US",1990-08,96,6.22,79.6,89.9
USW00013873,"ATHENS BEN EPPS AIRPORT, GA US",1990-09,95,3.15,73.9,84.7
USW00013873,"ATHENS BEN EPPS AIRPORT, GA US",1990-10,85,5.17,63.6,74.7
USW00013873,"ATHENS BEN EPPS AIRPORT, GA US",1990-11,80,1.38,55.6,69
USW00013873,"ATHENS BEN EPPS AIRPORT, GA US",1990-12,72,3.28,49,58.2
USW00013873,"ATHENS BEN EPPS AIRPORT, GA US",1991-01,64,6.32,43.9,51.3
USW00013873,"ATHENS BEN EPPS AIRPORT, GA US",1991-02,74,3.32,49.3,60
USW00013873,"ATHENS BEN EPPS AIRPORT, GA US",1991-03,83,6.07,55.8,66.4
USW00013873,"ATHENS BEN EPPS AIRPORT, GA US",1991-04,84,4.54,64.1,74
USW00013873,"ATHENS BEN EPPS AIRPORT, GA US",1991-05,93,5.78,71.8,80.7
USW00013873,"ATHENS BEN EPPS AIRPORT, GA US",1991-06,92,10.95,75.3,84.5
USW00013873,"ATHENS BEN EPPS AIRPORT, GA US",1991-07,96,6.17,80,88.8
USW00013873,"ATHENS BEN EPPS AIRPORT, GA US",1991-08,94,5.2,77.3,85.8
USW00013873,"ATHENS BEN EPPS AIRPORT, GA US",1991-09,96,2.22,73,84
USW00013873,"ATHENS BEN EPPS AIRPORT, GA US",1991-10,85,0.12,63.8,76.3
USW00013873,"ATHENS BEN EPPS AIRPORT, GA US",1991-11,79,1.58,51.3,61.9
USW00013873,"ATHENS BEN EPPS AIRPORT, GA US",1991-12,75,3.19,48.5,58.3
USW00013873,"ATHENS BEN EPPS AIRPORT, GA US",1992-01,67,3.33,45.1,55
USW00013873,"ATHENS BEN EPPS AIRPORT, GA US",1992-02,74,4.75,50.3,61.3
USW00013873,"ATHENS BEN EPPS AIRPORT, GA US",1992-03,82,4.15,52.7,64
USW00013873,"ATHENS BEN EPPS AIRPORT, GA US",1992-04,85,1.08,60.5,72.5
USW00013873,"ATHENS BEN EPPS AIRPORT, GA US",1992-05,90,1.48,66.9,78.2
USW00013873,"ATHENS BEN EPPS AIRPORT, GA US",1992-06,93,4.4,74.6,84.3
USW00013873,"ATHENS BEN EPPS AIRPORT, GA US",1992-07,98,4.18,80.6,91.1
USW00013873,"ATHENS BEN EPPS AIRPORT, GA US",1992-08,98,6.19,76.4,85.3
USW00013873,"ATHENS BEN EPPS AIRPORT, GA US",1992-09,89,5.72,73.3,81.3
USW00013873,"ATHENS BEN EPPS AIRPORT, GA US",1992-10,81,2.8,60.7,71.8
USW00013873,"ATHENS BEN EPPS AIRPORT, GA US",1992-11,75,8.25,51.5,60.8
USW00013873,"ATHENS BEN EPPS AIRPORT, GA US",1992-12,69,5.71,43.8,51.8
USW00013873,"ATHENS BEN EPPS AIRPORT, GA US",1993-01,72,4.4,46.7,55
USW00013873,"ATHENS BEN EPPS AIRPORT, GA US",1993-02,70,5.01,44,52.8
USW00013873,"ATHENS BEN EPPS AIRPORT, GA US",1993-03,82,7.35,50.1,59.8
USW00013873,"ATHENS BEN EPPS AIRPORT, GA US",1993-04,84,2.73,58,70.2
USW00013873,"ATHENS BEN EPPS AIRPORT, GA US",1993-05,88,3.24,69.8,80.9
USW00013873,"ATHENS BEN EPPS AIRPORT, GA US",1993-06,96,1.36,78.8,90
USW00013873,"ATHENS BEN EPPS AIRPORT, GA US",1993-07,102,1.54,85.2,98.1
USW00013873,"ATHENS BEN EPPS AIRPORT, GA US",1993-08,100,2.03,81,91.8
USW00013873,"ATHENS BEN EPPS AIRPORT, GA US",1993-09,97,3.23,75.4,87
USW00013873,"ATHENS BEN EPPS AIRPORT, GA US",1993-10,85,3.85,61.9,72.5
USW00013873,"ATHENS BEN EPPS AIRPORT, GA US",1993-11,83,3.43,52.2,64
USW00013873,"ATHENS BEN EPPS AIRPORT, GA US",1993-12,69,2.83,43.6,53.3
USW00013873,"ATHENS BEN EPPS AIRPORT, GA US",1994-01,67,3.91,39,48.6
USW00013873,"ATHENS BEN EPPS AIRPORT, GA US",1994-02,79,3.26,48.2,58.6
USW00013873,"ATHENS BEN EPPS AIRPORT, GA US",1994-03,84,5.88,55.8,68.6
USW00013873,"ATHENS BEN EPPS AIRPORT, GA US",1994-04,89,3.04,64.6,77.7
USW00013873,"ATHENS BEN EPPS AIRPORT, GA US",1994-05,90,1.96,67.7,79.1
USW00013873,"ATHENS BEN EPPS AIRPORT, GA US",1994-06,94,13.26,77.8,87.8
USW00013873,"ATHENS BEN EPPS AIRPORT, GA US",1994-07,91,8.77,77.7,86.2
USW00013873,"ATHENS BEN EPPS AIRPORT, GA US",1994-08,91,7.37,77.1,86.1
USW00013873,"ATHENS BEN EPPS AIRPORT, GA US",1994-09,90,4.28,71.8,82.2
USW00013873,"ATHENS BEN EPPS AIRPORT, GA US",1994-10,82,6.68,61.8,70.9
USW00013873,"ATHENS BEN EPPS AIRPORT, GA US",1994-11,80,3.53,56.3,66.8
USW00013873,"ATHENS BEN EPPS AIRPORT, GA US",1994-12,72,1.94,49,57.4
USW00013873,"ATHENS BEN EPPS AIRPORT, GA US",1995-01,71,4.88,44.3,54.3
USW00013873,"ATHENS BEN EPPS AIRPORT, GA US",1995-02,75,6.39,44.6,54.6
USW00013873,"ATHENS BEN EPPS AIRPORT, GA US",1995-03,86,2.61,57.1,68.4
USW00013873,"ATHENS BEN EPPS AIRPORT, GA US",1995-04,88,3.02,63,76.3
USW00013873,"ATHENS BEN EPPS AIRPORT, GA US",1995-05,93,4.33,71.2,82.6
USW00013873,"ATHENS BEN EPPS AIRPORT, GA US",1995-06,95,6.55,74.9,85
USW00013873,"ATHENS BEN EPPS AIRPORT, GA US",1995-07,101,2.28,82.1,94
USW00013873,"ATHENS BEN EPPS AIRPORT, GA US",1995-08,103,7.22,81,90.1
USW00013873,"ATHENS BEN EPPS AIRPORT, GA US",1995-09,94,3.41,71.9,81.6
USW00013873,"ATHENS BEN EPPS AIRPORT, GA US",1995-10,83,7.29,63.8,74.7
USW00013873,"ATHENS BEN EPPS AIRPORT, GA US",1995-11,77,5.04,49.7,61.5
USW00013873,"ATHENS BEN EPPS AIRPORT, GA US",1995-12,74,2.52,43.8,54
USW00013873,"ATHENS BEN EPPS AIRPORT, GA US",1996-01,70,6.71,41.1,51.5
USW00013873,"ATHENS BEN EPPS AIRPORT, GA US",1996-02,81,3.2,46,57
USW00013873,"ATHENS BEN EPPS AIRPORT, GA US",1996-03,75,6.91,48.6,59
USW00013873,"ATHENS BEN EPPS AIRPORT, GA US",1996-04,85,3.35,59.6,72.6
USW00013873,"ATHENS BEN EPPS AIRPORT, GA US",1996-05,93,2.07,71.7,83.4
USW00013873,"ATHENS BEN EPPS AIRPORT, GA US",1996-06,96,2.99,76.2,87.5
USW00013873,"ATHENS BEN EPPS AIRPORT, GA US",1996-07,98,4.53,79.3,89.4
USW00013873,"ATHENS BEN EPPS AIRPORT, GA US",1996-08,92,3.88,77.3,86.3
USW00013873,"ATHENS BEN EPPS AIRPORT, GA US",1996-09,93,3.76,71.4,81.2
USW00013873,"ATHENS BEN EPPS AIRPORT, GA US",1996-10,85,0.8,61,72.7
USW00013873,"ATHENS BEN EPPS AIRPORT, GA US",1996-11,75,3.95,49.3,59.5
USW00013873,"ATHENS BEN EPPS AIRPORT, GA US",1996-12,72,3.34,46.3,56.2
USW00013873,"ATHENS BEN EPPS AIRPORT, GA US",1997-01,71,5.24,44.6,53.7
USW00013873,"ATHENS BEN EPPS AIRPORT, GA US",1997-02,73,7.72,48.6,58.4
USW00013873,"ATHENS BEN EPPS AIRPORT, GA US",1997-03,82,1.67,59.5,71.6
USW00013873,"ATHENS BEN EPPS AIRPORT, GA US",1997-04,82,3.99,57.5,70.2
USW00013873,"ATHENS BEN EPPS AIRPORT, GA US",1997-05,87,2.79,65,76.7
USW00013873,"ATHENS BEN EPPS AIRPORT, GA US",1997-06,90,5.01,72.2,80.7
USW00013873,"ATHENS BEN EPPS AIRPORT, GA US",1997-07,96,4.88,79.7,89.3
USW00013873,"ATHENS BEN EPPS AIRPORT, GA US",1997-08,94,1.55,76.9,87.5
USW00013873,"ATHENS BEN EPPS AIRPORT, GA US",1997-09,94,6.79,72.4,83
USW00013873,"ATHENS BEN EPPS AIRPORT, GA US",1997-10,85,7.75,61.8,71.7
USW00013873,"ATHENS BEN EPPS AIRPORT, GA US",1997-11,69,3.52,48.1,57.5
USW00013873,"ATHENS BEN EPPS AIRPORT, GA US",1997-12,67,5.91,43.7,52.7
USW00013873,"ATHENS BEN EPPS AIRPORT, GA US",1998-01,70,5.86,46.5,55.6
USW00013873,"ATHENS BEN EPPS AIRPORT, GA US",1998-02,74,7.72,48.1,57.1
USW00013873,"ATHENS BEN EPPS AIRPORT, GA US",1998-03,83,5,50.7,60.6
USW00013873,"ATHENS BEN EPPS AIRPORT, GA US",1998-04,80,10.93,58.9,69
USW00013873,"ATHENS BEN EPPS AIRPORT, GA US",1998-05,90,3.08,72.5,82.8
USW00013873,"ATHENS BEN EPPS AIRPORT, GA US",1998-06,99,1.95,80,92.3
USW00013873,"ATHENS BEN EPPS AIRPORT, GA US",1998-07,101,2.38,82.5,92.9
USW00013873,"ATHENS BEN EPPS AIRPORT, GA US",1998-08,98,2.63,79,90.2
USW00013873,"ATHENS BEN EPPS AIRPORT, GA US",1998-09,93,4.46,75.4,86
USW00013873,"ATHENS BEN EPPS AIRPORT, GA US",1998-10,89,2.3,65.2,78.1
USW00013873,"ATHENS BEN EPPS AIRPORT, GA US",1998-11,79,2.07,56.3,66
USW00013873,"ATHENS BEN EPPS AIRPORT, GA US",1998-12,77,1.86,49.8,58.6
USW00013873,"ATHENS BEN EPPS AIRPORT, GA US",1999-01,75,5.46,47.2,58.3
USW00013873,"ATHENS BEN EPPS AIRPORT, GA US",1999-02,75,2.74,48.8,60.1
USW00013873,"ATHENS BEN EPPS AIRPORT, GA US",1999-03,77,2.76,50.4,62.6
USW00013873,"ATHENS BEN EPPS AIRPORT, GA US",1999-04,90,2.51,64.6,75.8
USW00013873,"ATHENS BEN EPPS AIRPORT, GA US",1999-05,89,1.17,68.5,80.2
USW00013873,"ATHENS BEN EPPS AIRPORT, GA US",1999-06,96,6.95,75.7,85.4
USW00013873,"ATHENS BEN EPPS AIRPORT, GA US",1999-07,103,3.5,80.2,90.6
USW00013873,"ATHENS BEN EPPS AIRPORT, GA US",1999-08,101,4.09,81.8,93.5
USW00013873,"ATHENS BEN EPPS AIRPORT, GA US",1999-09,96,3.3,72.4,84.1
USW00013873,"ATHENS BEN EPPS AIRPORT, GA US",1999-10,84,3.78,62.7,72.4
USW00013873,"ATHENS BEN EPPS AIRPORT, GA US",1999-11,78,2.7,56.1,68.1
USW00013873,"ATHENS BEN EPPS AIRPORT, GA US",1999-12,74,2.54,46.6,58.1
USW00013873,"ATHENS BEN EPPS AIRPORT, GA US",2000-01,73,4.48,42.8,51.5
USW00013873,"ATHENS BEN EPPS AIRPORT, GA US",2000-02,76,1.99,49.4,62.1
USW00013873,"ATHENS BEN EPPS AIRPORT, GA US",2000-03,80,3.41,57.2,69.4
USW00013873,"ATHENS BEN EPPS AIRPORT, GA US",2000-04,83,1.7,58.8,71.2
USW00013873,"ATHENS BEN EPPS AIRPORT, GA US",2000-05,94,2.16,73.5,85.7
USW00013873,"ATHENS BEN EPPS AIRPORT, GA US",2000-06,97,1.98,78.3,90.5
USW00013873,"ATHENS BEN EPPS AIRPORT, GA US",2000-07,101,3.36,81,92.9
USW00013873,"ATHENS BEN EPPS AIRPORT, GA US",2000-08,101,3.68,78.7,89
USW00013873,"ATHENS BEN EPPS AIRPORT, GA US",2000-09,87,4.81,70.7,79.6
USW00013873,"ATHENS BEN EPPS AIRPORT, GA US",2000-10,84,0.23,63.2,76.8
USW00013873,"ATHENS BEN EPPS AIRPORT, GA US",2000-11,84,4.2,51.3,61.3
USW00013873,"ATHENS BEN EPPS AIRPORT, GA US",2000-12,63,3.46,36.9,46.1
USW00013873,"ATHENS BEN EPPS AIRPORT, GA US",2001-01,68,2.75,42.8,53.7
USW00013873,"ATHENS BEN EPPS AIRPORT, GA US",2001-02,75,3.04,50.7,61.3
USW00013873,"ATHENS BEN EPPS AIRPORT, GA US",2001-03,73,8.58,50.9,61.5
USW00013873,"ATHENS BEN EPPS AIRPORT, GA US",2001-04,89,1.83,63.1,74.7
USW00013873,"ATHENS BEN EPPS AIRPORT, GA US",2001-05,92,3.04,69.7,81.8
USW00013873,"ATHENS BEN EPPS AIRPORT, GA US",2001-06,89,5.15,75,84.1
USW00013873,"ATHENS BEN EPPS AIRPORT, GA US",2001-07,95,10.38,78.5,88
USW00013873,"ATHENS BEN EPPS AIRPORT, GA US",2001-08,93,0.85,78.7,87.9
USW00013873,"ATHENS BEN EPPS AIRPORT, GA US",2001-09,91,1.57,70.8,81.9
USW00013873,"ATHENS BEN EPPS AIRPORT, GA US",2001-10,84,0.42,59.9,73.4
USW00013873,"ATHENS BEN EPPS AIRPORT, GA US",2001-11,83,0.65,58.5,71.7
USW00013873,"ATHENS BEN EPPS AIRPORT, GA US",2001-12,77,1.5,50.3,61.1
USW00013873,"ATHENS BEN EPPS AIRPORT, GA US",2002-01,78,4.52,45.7,56.8
USW00013873,"ATHENS BEN EPPS AIRPORT, GA US",2002-02,69,2.25,45.8,57.3
USW00013873,"ATHENS BEN EPPS AIRPORT, GA US",2002-03,84,6.53,54.6,66.9
USW00013873,"ATHENS BEN EPPS AIRPORT, GA US",2002-04,89,1.64,65.4,76
USW00013873,"ATHENS BEN EPPS AIRPORT, GA US",2002-05,88,3.18,67.6,79.1
USW00013873,"ATHENS BEN EPPS AIRPORT, GA US",2002-06,97,4.78,75.9,86.7
USW00013873,"ATHENS BEN EPPS AIRPORT, GA US",2002-07,97,2.26,80.3,90.6
USW00013873,"ATHENS BEN EPPS AIRPORT, GA US",2002-08,100,0.14,80.2,92
USW00013873,"ATHENS BEN EPPS AIRPORT, GA US",2002-09,98,7.46,75.2,83.9
USW00013873,"ATHENS BEN EPPS AIRPORT, GA US",2002-10,88,3.3,64.5,72.4
USW00013873,"ATHENS BEN EPPS AIRPORT, GA US",2002-11,74,4.82,49.6,59.9
USW00013873,"ATHENS BEN EPPS AIRPORT, GA US",2002-12,66,5.45,43.6,53.3
USW00013873,"ATHENS BEN EPPS AIRPORT, GA US",2003-01,67,1.74,40.7,50.6
USW00013873,"ATHENS BEN EPPS AIRPORT, GA US",2003-02,73,4.54,46.1,56.2
USW00013873,"ATHENS BEN EPPS AIRPORT, GA US",2003-03,79,5.67,55.4,65
USW00013873,"ATHENS BEN EPPS AIRPORT, GA US",2003-04,84,2.5,60.2,71.1
USW00013873,"ATHENS BEN EPPS AIRPORT, GA US",2003-05,86,7.98,68.5,77.3
USW00013873,"ATHENS BEN EPPS AIRPORT, GA US",2003-06,90,5.98,74.6,84
USW00013873,"ATHENS BEN EPPS AIRPORT, GA US",2003-07,91,8.28,77.7,86.6
USW00013873,"ATHENS BEN EPPS AIRPORT, GA US",2003-08,94,3.42,78.7,87.6
USW00013873,"ATHENS BEN EPPS AIRPORT, GA US",2003-09,89,1.69,72,83
USW00013873,"ATHENS BEN EPPS AIRPORT, GA US",2003-10,83,2.07,62.5,73.9
USW00013873,"ATHENS BEN EPPS AIRPORT, GA US",2003-11,82,3.94,57.1,69.5
USW00013873,"ATHENS BEN EPPS AIRPORT, GA US",2003-12,70,2.29,42.1,54
USW00013873,"ATHENS BEN EPPS AIRPORT, GA US",2004-01,72,2.53,42.3,53.5
USW00013873,"ATHENS BEN EPPS AIRPORT, GA US",2004-02,67,4.29,42.9,51.9
USW00013873,"ATHENS BEN EPPS AIRPORT, GA US",2004-03,83,1.06,57.4,70.4
USW00013873,"ATHENS BEN EPPS AIRPORT, GA US",2004-04,88,0.87,61.3,74.9
USW00013873,"ATHENS BEN EPPS AIRPORT, GA US",2004-05,93,1.32,73.2,85
USW00013873,"ATHENS BEN EPPS AIRPORT, GA US",2004-06,95,3.69,77.5,87.3
USW00013873,"ATHENS BEN EPPS AIRPORT, GA US",2004-07,98,1.85,80.1,90.9
USW00013873,"ATHENS BEN EPPS AIRPORT, GA US",2004-08,95,3.87,76.6,87
USW00013873,"ATHENS BEN EPPS AIRPORT, GA US",2004-09,87,11.84,71.6,80.1
USW00013873,"ATHENS BEN EPPS AIRPORT, GA US",2004-10,83,0.98,65.6,74.4
USW00013873,"ATHENS BEN EPPS AIRPORT, GA US",2004-11,80,7.95,54.9,64.7
USW00013873,"ATHENS BEN EPPS AIRPORT, GA US",2004-12,69,2.8,43.7,55.4
USW00013873,"ATHENS BEN EPPS AIRPORT, GA US",2005-01,72,2.59,46.1,56.7
USW00013873,"ATHENS BEN EPPS AIRPORT, GA US",2005-02,75,4.89,47.8,57.2
USW00013873,"ATHENS BEN EPPS AIRPORT, GA US",2005-03,81,6.85,51.6,63.2
USW00013873,"ATHENS BEN EPPS AIRPORT, GA US",2005-04,82,5.87,59.7,71.5
USW00013873,"ATHENS BEN EPPS AIRPORT, GA US",2005-05,88,2.67,66.3,78.1
USW00013873,"ATHENS BEN EPPS AIRPORT, GA US",2005-06,91,10.25,75.2,84.2
USW00013873,"ATHENS BEN EPPS AIRPORT, GA US",2005-07,96,9.35,79.5,88.1
USW00013873,"ATHENS BEN EPPS AIRPORT, GA US",2005-08,97,5.48,79.5,88.7
USW00013873,"ATHENS BEN EPPS AIRPORT, GA US",2005-09,94,0.17,76.7,88.6
USW00013873,"ATHENS BEN EPPS AIRPORT, GA US",2005-10,87,2.97,64.1,74.9
USW00013873,"ATHENS BEN EPPS AIRPORT, GA US",2005-11,83,2.78,54.2,66.6
USW00013873,"ATHENS BEN EPPS AIRPORT, GA US",2005-12,70,4.56,42.1,53
USW00013873,"ATHENS BEN EPPS AIRPORT, GA US",2006-01,70,4.26,49.2,60.4
USW00013873,"ATHENS BEN EPPS AIRPORT, GA US",2006-02,73,4.71,45,55
USW00013873,"ATHENS BEN EPPS AIRPORT, GA US",2006-03,84,2.53,54.4,66.5
USW00013873,"ATHENS BEN EPPS AIRPORT, GA US",2006-04,89,2.35,65.6,78.3
USW00013873,"ATHENS BEN EPPS AIRPORT, GA US",2006-05,95,2.17,69,81.1
USW00013873,"ATHENS BEN EPPS AIRPORT, GA US",2006-06,102,1.93,77.4,90.9
USW00013873,"ATHENS BEN EPPS AIRPORT, GA US",2006-07,99,3.67,81.4,93.2
USW00013873,"ATHENS BEN EPPS AIRPORT, GA US",2006-08,100,5.76,80.7,90.6
USW00013873,"ATHENS BEN EPPS AIRPORT, GA US",2006-09,89,2.22,71.4,81.6
USW00013873,"ATHENS BEN EPPS AIRPORT, GA US",2006-10,88,3.52,60.4,72.3
USW00013873,"ATHENS BEN EPPS AIRPORT, GA US",2006-11,81,3.18,53.1,65
USW00013873,"ATHENS BEN EPPS AIRPORT, GA US",2006-12,76,3.91,48.7,61
USW00013873,"ATHENS BEN EPPS AIRPORT, GA US",2007-01,72,3.48,45.9,55.6
USW00013873,"ATHENS BEN EPPS AIRPORT, GA US",2007-02,72,2.92,45.4,57.2
USW00013873,"ATHENS BEN EPPS AIRPORT, GA US",2007-03,89,3.89,58.9,72.4
USW00013873,"ATHENS BEN EPPS AIRPORT, GA US",2007-04,87,1.64,60,73.3
USW00013873,"ATHENS BEN EPPS AIRPORT, GA US",2007-05,92,1.56,69.8,83.3
USW00013873,"ATHENS BEN EPPS AIRPORT, GA US",2007-06,99,2.17,78.5,91.5
USW00013873,"ATHENS BEN EPPS AIRPORT, GA US",2007-07,96,3.48,78,88
USW00013873,"ATHENS BEN EPPS AIRPORT, GA US",2007-08,106,1.72,85.2,98.2
USW00013873,"ATHENS BEN EPPS AIRPORT, GA US",2007-09,97,0.53,76.4,88.3
USW00013873,"ATHENS BEN EPPS AIRPORT, GA US",2007-10,92,2.35,66.4,77.9
USW00013873,"ATHENS BEN EPPS AIRPORT, GA US",2007-11,80,2.35,52.2,65.4
USW00013873,"ATHENS BEN EPPS AIRPORT, GA US",2007-12,79,5.42,49.8,60.2
USW00013873,"ATHENS BEN EPPS AIRPORT, GA US",2008-01,72,2.61,42.2,52.4
USW00013873,"ATHENS BEN EPPS AIRPORT, GA US",2008-02,73,3.56,48.9,61.6
USW00013873,"ATHENS BEN EPPS AIRPORT, GA US",2008-03,78,3.48,54.2,67.7
USW00013873,"ATHENS BEN EPPS AIRPORT, GA US",2008-04,85,3,61.2,73
USW00013873,"ATHENS BEN EPPS AIRPORT, GA US",2008-05,92,2.24,69.2,81.3
USW00013873,"ATHENS BEN EPPS AIRPORT, GA US",2008-06,102,1.22,80.3,93.5
USW00013873,"ATHENS BEN EPPS AIRPORT, GA US",2008-07,99,3.95,80.3,92.2
USW00013873,"ATHENS BEN EPPS AIRPORT, GA US",2008-08,101,2.79,79.7,90.6
USW00013873,"ATHENS BEN EPPS AIRPORT, GA US",2008-09,94,2.13,73.7,83.5
USW00013873,"ATHENS BEN EPPS AIRPORT, GA US",2008-10,83,5.13,60.5,71.7
USW00013873,"ATHENS BEN EPPS AIRPORT, GA US",2008-11,76,2.63,49.3,61
USW00013873,"ATHENS BEN EPPS AIRPORT, GA US",2008-12,73,3.66,48.5,58
USW00013873,"ATHENS BEN EPPS AIRPORT, GA US",2009-01,71,2.7,43.2,53.5
USW00013873,"ATHENS BEN EPPS AIRPORT, GA US",2009-02,74,3.67,47.5,60.4
USW00013873,"ATHENS BEN EPPS AIRPORT, GA US",2009-03,84,7.05,53.7,64.3
USW00013873,"ATHENS BEN EPPS AIRPORT, GA US",2009-04,90,4.47,61,73.4
USW00013873,"ATHENS BEN EPPS AIRPORT, GA US",2009-05,90,3.58,70.5,79.9
USW00013873,"ATHENS BEN EPPS AIRPORT, GA US",2009-06,98,1.67,80,91.4
USW00013873,"ATHENS BEN EPPS AIRPORT, GA US",2009-07,98,1.33,79.2,91
USW00013873,"ATHENS BEN EPPS AIRPORT, GA US",2009-08,100,2.7,79.7,90.8
USW00013873,"ATHENS BEN EPPS AIRPORT, GA US",2009-09,90,9.86,73.1,81.8
USW00013873,"ATHENS BEN EPPS AIRPORT, GA US",2009-10,85,9.14,60.7,70.3
USW00013873,"ATHENS BEN EPPS AIRPORT, GA US",2009-11,76,5.17,54.8,65.4
USW00013873,"ATHENS BEN EPPS AIRPORT, GA US",2009-12,70,8.87,42,50.8
USW00013873,"ATHENS BEN EPPS AIRPORT, GA US",2010-01,72,6.2,39.7,49.9
USW00013873,"ATHENS BEN EPPS AIRPORT, GA US",2010-02,69,4.21,39.5,49.3
USW00013873,"ATHENS BEN EPPS AIRPORT, GA US",2010-03,80,2.33,51.6,63.4
USW00013873,"ATHENS BEN EPPS AIRPORT, GA US",2010-04,88,1.87,63.9,77.8
USW00013873,"ATHENS BEN EPPS AIRPORT, GA US",2010-05,92,5.89,72.5,83.2
USW00013873,"ATHENS BEN EPPS AIRPORT, GA US",2010-06,98,4.55,80.6,91.2
USW00013873,"ATHENS BEN EPPS AIRPORT, GA US",2010-07,103,1.4,83,94.7
USW00013873,"ATHENS BEN EPPS AIRPORT, GA US",2010-08,99,7.62,82.2,91.9
USW00013873,"ATHENS BEN EPPS AIRPORT, GA US",2010-09,96,5.35,75.7,88.7
USW00013873,"ATHENS BEN EPPS AIRPORT, GA US",2010-10,86,1.42,63.4,77.4
USW00013873,"ATHENS BEN EPPS AIRPORT, GA US",2010-11,76,4.91,53,64.8
USW00013873,"ATHENS BEN EPPS AIRPORT, GA US",2010-12,66,1.92,37.4,47.7
USW00013873,"ATHENS BEN EPPS AIRPORT, GA US",2011-01,73,3.32,39.7,49.8
USW00013873,"ATHENS BEN EPPS AIRPORT, GA US",2011-02,79,4.72,48.6,60.2
USW00013873,"ATHENS BEN EPPS AIRPORT, GA US",2011-03,85,6.64,54.7,65.3
USW00013873,"ATHENS BEN EPPS AIRPORT, GA US",2011-04,88,2.62,64.1,77.4
USW00013873,"ATHENS BEN EPPS AIRPORT, GA US",2011-05,95,0.82,70.4,84.1
USW00013873,"ATHENS BEN EPPS AIRPORT, GA US",2011-06,99,2.44,81,94
USW00013873,"ATHENS BEN EPPS AIRPORT, GA US",2011-07,100,1.46,83,94.7
USW00013873,"ATHENS BEN EPPS AIRPORT, GA US",2011-08,102,2.44,82.8,95.4
USW00013873,"ATHENS BEN EPPS AIRPORT, GA US",2011-09,98,1.56,73.4,84.6
USW00013873,"ATHENS BEN EPPS AIRPORT, GA US",2011-10,86,4.36,60.3,73.1
USW00013873,"ATHENS BEN EPPS AIRPORT, GA US",2011-11,79,3.08,53.9,66.1
USW00013873,"ATHENS BEN EPPS AIRPORT, GA US",2011-12,75,3.68,49.5,60.7
USW00013873,"ATHENS BEN EPPS AIRPORT, GA US",2012-01,69,3.32,47.1,58.5
USW00013873,"ATHENS BEN EPPS AIRPORT, GA US",2012-02,79,1.5,49.6,60.7
USW00013873,"ATHENS BEN EPPS AIRPORT, GA US",2012-03,86,3.17,63.6,75.6
USW00013873,"ATHENS BEN EPPS AIRPORT, GA US",2012-04,90,1.36,64.5,77.3
USW00013873,"ATHENS BEN EPPS AIRPORT, GA US",2012-05,94,2.67,72.7,84.3
USW00013873,"ATHENS BEN EPPS AIRPORT, GA US",2012-06,109,2.95,75.4,87.4
USW00013873,"ATHENS BEN EPPS AIRPORT, GA US",2012-07,108,5.52,82.5,93.5
USW00013873,"ATHENS BEN EPPS AIRPORT, GA US",2012-08,96,3.23,77.8,87.7
USW00013873,"ATHENS BEN EPPS AIRPORT, GA US",2012-09,92,4.88,72.6,82.9
USW00013873,"ATHENS BEN EPPS AIRPORT, GA US",2012-10,84,1.93,62,73.4
USW00013873,"ATHENS BEN EPPS AIRPORT, GA US",2012-11,80,0.96,51.4,64.4
USW00013873,"ATHENS BEN EPPS AIRPORT, GA US",2012-12,76,5.87,49.8,59.6
USW00013873,"ATHENS BEN EPPS AIRPORT, GA US",2013-01,75,4.96,49.3,59.5
USW00013873,"ATHENS BEN EPPS AIRPORT, GA US",2013-02,70,6.36,45.2,56.1
USW00013873,"ATHENS BEN EPPS AIRPORT, GA US",2013-03,81,4.35,48.9,60.6
USW00013873,"ATHENS BEN EPPS AIRPORT, GA US",2013-04,86,3.78,61.2,73.6
USW00013873,"ATHENS BEN EPPS AIRPORT, GA US",2013-05,89,3.63,67.4,78.5
USW00013873,"ATHENS BEN EPPS AIRPORT, GA US",2013-06,95,8.21,76.9,86.6
USW00013873,"ATHENS BEN EPPS AIRPORT, GA US",2013-07,93,9.19,77.8,86.5
USW00013873,"ATHENS BEN EPPS AIRPORT, GA US",2013-08,93,5.69,76.9,85.2
USW00013873,"ATHENS BEN EPPS AIRPORT, GA US",2013-09,91,2.42,73.2,83.2
USW00013873,"ATHENS BEN EPPS AIRPORT, GA US",2013-10,86,1.27,63.4,74
USW00013873,"ATHENS BEN EPPS AIRPORT, GA US",2013-11,76,2.42,49.8,61.3
USW00013873,"ATHENS BEN EPPS AIRPORT, GA US",2013-12,75,7.62,47.6,57.3
USW00013873,"ATHENS BEN EPPS AIRPORT, GA US",2014-01,67,4.68,37,48.2
USW00013873,"ATHENS BEN EPPS AIRPORT, GA US",2014-02,77,3.96,47,58
USW00013873,"ATHENS BEN EPPS AIRPORT, GA US",2014-03,80,3.37,51.5,64.2
USW00013873,"ATHENS BEN EPPS AIRPORT, GA US",2014-04,85,4.17,62.3,74.7
USW00013873,"ATHENS BEN EPPS AIRPORT, GA US",2014-05,92,3.46,70.8,83.3
USW00013873,"ATHENS BEN EPPS AIRPORT, GA US",2014-06,96,3.74,78.7,90.1
USW00013873,"ATHENS BEN EPPS AIRPORT, GA US",2014-07,98,4.22,79.3,89.9
USW00013873,"ATHENS BEN EPPS AIRPORT, GA US",2014-08,98,1.89,79.3,91.3
USW00013873,"ATHENS BEN EPPS AIRPORT, GA US",2014-09,97,4.83,75,83.8
USW00013873,"ATHENS BEN EPPS AIRPORT, GA US",2014-10,87,3.41,64.2,77.3
USW00013873,"ATHENS BEN EPPS AIRPORT, GA US",2014-11,77,3.04,48.1,60.8
USW00013873,"ATHENS BEN EPPS AIRPORT, GA US",2014-12,74,4.7,48.6,58.7
USW00013873,"ATHENS BEN EPPS AIRPORT, GA US",2015-01,68,2.98,42,52.8
USW00013873,"ATHENS BEN EPPS AIRPORT, GA US",2015-02,70,3.99,40.4,51
USW00013873,"ATHENS BEN EPPS AIRPORT, GA US",2015-03,87,2.8,56.8,68.8
USW00013873,"ATHENS BEN EPPS AIRPORT, GA US",2015-04,89,8.01,65.1,75.4
USW00013873,"ATHENS BEN EPPS AIRPORT, GA US",2015-05,91,2.64,72.4,85.2
USW00013873,"ATHENS BEN EPPS AIRPORT, GA US",2015-06,100,2.77,80.4,92.2
USW00013873,"ATHENS BEN EPPS AIRPORT, GA US",2015-07,98,5.08,82,92.9
USW00013873,"ATHENS BEN EPPS AIRPORT, GA US",2015-08,100,6.78,79.8,90.1
USW00013873,"ATHENS BEN EPPS AIRPORT, GA US",2015-09,94,3.48,73.3,82.7
USW00013873,"ATHENS BEN EPPS AIRPORT, GA US",2015-10,82,5,62.2,72.9
USW00013873,"ATHENS BEN EPPS AIRPORT, GA US",2015-11,78,9.3,56.7,66.1
USW00013873,"ATHENS BEN EPPS AIRPORT, GA US",2015-12,77,12.37,56.4,65.6
USW00013873,"ATHENS BEN EPPS AIRPORT, GA US",2016-01,67,3.68,42.1,52.2
USW00013873,"ATHENS BEN EPPS AIRPORT, GA US",2016-02,75,4.48,47.7,58.7
USW00013873,"ATHENS BEN EPPS AIRPORT, GA US",2016-03,86,1.95,59.9,72.5
USW00013873,"ATHENS BEN EPPS AIRPORT, GA US",2016-04,90,2.57,63.4,76
USW00013873,"ATHENS BEN EPPS AIRPORT, GA US",2016-05,94,2.49,70.3,82
USW00013873,"ATHENS BEN EPPS AIRPORT, GA US",2016-06,101,4.09,80.7,93
USW00013873,"ATHENS BEN EPPS AIRPORT, GA US",2016-07,101,1.6,84.1,96.3
USW00013873,"ATHENS BEN EPPS AIRPORT, GA US",2016-08,98,10.1,82,92
USW00013873,"ATHENS BEN EPPS AIRPORT, GA US",2016-09,96,1.22,77.7,90
USW00013873,"ATHENS BEN EPPS AIRPORT, GA US",2016-10,92,0.03,67.8,82.1
USW00013873,"ATHENS BEN EPPS AIRPORT, GA US",2016-11,85,2.24,56.8,71
USW00013873,"ATHENS BEN EPPS AIRPORT, GA US",2016-12,75,2.43,47.2,56.6
USW00013873,"ATHENS BEN EPPS AIRPORT, GA US",2017-01,79,6.51,51.5,62.2
USW00013873,"ATHENS BEN EPPS AIRPORT, GA US",2017-02,80,1.19,55.1,68
USW00013873,"ATHENS BEN EPPS AIRPORT, GA US",2017-03,88,4.32,56.8,69.7
USW00013873,"ATHENS BEN EPPS AIRPORT, GA US",2017-04,88,6.86,66.6,78.9
USW00013873,"ATHENS BEN EPPS AIRPORT, GA US",2017-05,92,6.24,70.4,82.1
USW00013873,"ATHENS BEN EPPS AIRPORT, GA US",2017-06,92,8.33,76.3,86.1
USW00013873,"ATHENS BEN EPPS AIRPORT, GA US",2017-07,98,3.08,80.9,92
USW00013873,"ATHENS BEN EPPS AIRPORT, GA US",2017-08,94,5.47,78.6,88
USW00013873,"ATHENS BEN EPPS AIRPORT, GA US",2017-09,92,4.19,72.5,84.1
USW00013873,"ATHENS BEN EPPS AIRPORT, GA US",2017-10,91,5.72,64.3,76.4
USW00013873,"ATHENS BEN EPPS AIRPORT, GA US",2017-11,84,1.22,54.8,67
USW00013873,"ATHENS BEN EPPS AIRPORT, GA US",2017-12,72,2.75,46.5,56.1
USW00013873,"ATHENS BEN EPPS AIRPORT, GA US",2018-01,73,4.63,41,52.9
USW00013873,"ATHENS BEN EPPS AIRPORT, GA US",2018-02,83,5.78,57.4,66.9
USW00013873,"ATHENS BEN EPPS AIRPORT, GA US",2018-03,80,3.18,52.5,64.7
USW00013873,"ATHENS BEN EPPS AIRPORT, GA US",2018-04,84,5.5,58.8,71.9
USW00013873,"ATHENS BEN EPPS AIRPORT, GA US",2018-05,94,9.31,73.5,84.7
USW00013873,"ATHENS BEN EPPS AIRPORT, GA US",2018-06,96,7.28,79.3,90.6
USW00013873,"ATHENS BEN EPPS AIRPORT, GA US",2018-07,95,4.98,79.7,89.6
USW00013873,"ATHENS BEN EPPS AIRPORT, GA US",2018-08,94,4.36,78.9,88.9
USW00013873,"ATHENS BEN EPPS AIRPORT, GA US",2018-09,96,1.76,79.9,91.1
USW00013873,"ATHENS BEN EPPS AIRPORT, GA US",2018-10,95,4.26,66.3,77.6
USW00013873,"ATHENS BEN EPPS AIRPORT, GA US",2018-11,75,7.35,49.4,58.5
USW00013873,"ATHENS BEN EPPS AIRPORT, GA US",2018-12,75,10.89,47.4,55.5
USW00013873,"ATHENS BEN EPPS AIRPORT, GA US",2019-01,70,5.34,45.1,55.2
USW00013873,"ATHENS BEN EPPS AIRPORT, GA US",2019-02,81,3.61,52.2,62.1
USW00013873,"ATHENS BEN EPPS AIRPORT, GA US",2019-03,77,2.09,53.5,65.1
USW00013873,"ATHENS BEN EPPS AIRPORT, GA US",2019-04,86,3.38,63.9,76.1
USW00013873,"ATHENS BEN EPPS AIRPORT, GA US",2019-05,98,1.62,75.5,87.2
USW00013873,"ATHENS BEN EPPS AIRPORT, GA US",2019-06,94,7.04,77,86.8
USW00013873,"ATHENS BEN EPPS AIRPORT, GA US",2019-07,99,1.37,82,93.7
USW00013873,"ATHENS BEN EPPS AIRPORT, GA US",2019-08,97,8.78,80.3,91.4
USW00013873,"ATHENS BEN EPPS AIRPORT, GA US",2019-09,99,1.4,79.3,92.2
USW00013873,"ATHENS BEN EPPS AIRPORT, GA US",2019-10,100,3.81,67.4,78.7
USW00013873,"ATHENS BEN EPPS AIRPORT, GA US",2019-11,78,2.14,52.2,64.1
USW00013873,"ATHENS BEN EPPS AIRPORT, GA US",2019-12,74,5.74,50.3,60.2
USW00013873,"ATHENS BEN EPPS AIRPORT, GA US",2020-01,74,7.49,48.8,57.8
USW00013873,"ATHENS BEN EPPS AIRPORT, GA US",2020-02,79,11.05,49.9,59.4
USW00013873,"ATHENS BEN EPPS AIRPORT, GA US",2020-03,89,5.43,60.8,71
USW00013873,"ATHENS BEN EPPS AIRPORT, GA US",2020-04,85,4.52,62.2,75.1
USW00013873,"ATHENS BEN EPPS AIRPORT, GA US",2020-05,92,3.75,68.5,80.2
USW00013873,"ATHENS BEN EPPS AIRPORT, GA US",2020-06,96,2.67,77.6,88.5
USW00013873,"ATHENS BEN EPPS AIRPORT, GA US",2020-07,102,1.9,83.1,94.6
USW00013873,"ATHENS BEN EPPS AIRPORT, GA US",2020-08,98,9.55,81.4,91.6
USW00013873,"ATHENS BEN EPPS AIRPORT, GA US",2020-09,94,6.07,73.8,82.4
USW00013873,"ATHENS BEN EPPS AIRPORT, GA US",2020-10,88,3.45,67.3,78.2
USW00013873,"ATHENS BEN EPPS AIRPORT, GA US",2020-11,82,4.76,59.2,71.2
USW00013873,"ATHENS BEN EPPS AIRPORT, GA US",2020-12,71,3.05,46.1,57.3
USW00013873,"ATHENS BEN EPPS AIRPORT, GA US",2021-01,75,4.65,46.5,56.1
USW00013873,"ATHENS BEN EPPS AIRPORT, GA US",2021-02,81,2.76,48.8,59.3
USW00013873,"ATHENS BEN EPPS AIRPORT, GA US",2021-03,85,4.36,58.8,71
USW00013873,"ATHENS BEN EPPS AIRPORT, GA US",2021-04,86,2.81,62.6,75.9
USW00013873,"ATHENS BEN EPPS AIRPORT, GA US",2021-05,95,4.05,69.6,82
USW00013873,"ATHENS BEN EPPS AIRPORT, GA US",2021-06,96,3.97,78.6,89.7
USW00013873,"ATHENS BEN EPPS AIRPORT, GA US",2021-07,97,6.42,81.2,91.3
USW00013873,"ATHENS BEN EPPS AIRPORT, GA US",2021-08,97,6.81,81.5,91.4
USW00013873,"ATHENS BEN EPPS AIRPORT, GA US",2021-09,93,2.03,74.5,85.7
USW00013873,"ATHENS BEN EPPS AIRPORT, GA US",2021-10,88,6.61,67.2,77.8
USW00013873,"ATHENS BEN EPPS AIRPORT, GA US",2021-11,79,0.84,52.6,65.8
USW00013873,"ATHENS BEN EPPS AIRPORT, GA US",2021-12,80,3.68,54.7,64.6
USW00013873,"ATHENS BEN EPPS AIRPORT, GA US",2022-01,77,3.14,43.9,54
USW00013873,"ATHENS BEN EPPS AIRPORT, GA US",2022-02,80,3.99,50.8,63.3
USW00013873,"ATHENS BEN EPPS AIRPORT, GA US",2022-03,84,5.6,57.1,69.2
USW00013873,"ATHENS BEN EPPS AIRPORT, GA US",2022-04,85,2.93,61.2,74.2
USW00013873,"ATHENS BEN EPPS AIRPORT, GA US",2022-05,95,2.17,73.5,85.5
USW00013873,"ATHENS BEN EPPS AIRPORT, GA US",2022-06,102,2.01,80.6,92.5
USW00013873,"ATHENS BEN EPPS AIRPORT, GA US",2022-07,98,7.19,81.8,91.7
USW00013873,"ATHENS BEN EPPS AIRPORT, GA US",2022-08,93,3.18,78.7,88
USW00013873,"ATHENS BEN EPPS AIRPORT, GA US",2022-09,95,2.64,73,84.2
USW00013873,"ATHENS BEN EPPS AIRPORT, GA US",2022-10,86,1.3,60.7,74.2
USW00013873,"ATHENS BEN EPPS AIRPORT, GA US",2022-11,85,5.97,55,65.6
USW00013873,"ATHENS BEN EPPS AIRPORT, GA US",2022-12,77,4.76,44.9,53.5
USW00013873,"ATHENS BEN EPPS AIRPORT, GA US",2023-01,73,9,49.4,59.3
USW00013873,"ATHENS BEN EPPS AIRPORT, GA US",2023-02,81,3.13,55.2,66.2
USW00013873,"ATHENS BEN EPPS AIRPORT, GA US",2023-03,84,4.15,56.5,68.3
USW00013873,"ATHENS BEN EPPS AIRPORT, GA US",2023-04,87,6.04,61.5,73.2
USW00013873,"ATHENS BEN EPPS AIRPORT, GA US",2023-05,89,3.03,68.1,78
USW00013873,"ATHENS BEN EPPS AIRPORT, GA US",2023-06,91,7.96,74,84.2
USW00013873,"ATHENS BEN EPPS AIRPORT, GA US",2023-07,95,3.79,80.4,91
USW00013873,"ATHENS BEN EPPS AIRPORT, GA US",2023-08,99,5.13,79.9,90.2
USW00013873,"ATHENS BEN EPPS AIRPORT, GA US",2023-09,95,0.18,73.7,85.8
USW00013873,"ATHENS BEN EPPS AIRPORT, GA US",2023-10,87,1.23,63.9,76.4
USW00013873,"ATHENS BEN EPPS AIRPORT, GA US",2023-11,81,1.6,53.4,64.8
USW00013873,"ATHENS BEN EPPS AIRPORT, GA US",2023-12,69,4.34,48.1,58.6
